group,category,name,price,discount,emoji,image_url,description,sku
Food Containers,Round Container,100ml Round Container Black (1500 pcs),2490,,🥣,https://drive.google.com/thumbnail?id=1QeDLdtIDQXJ8EexCg6acIAEewIVGfD3o&sz=w800,"100ml — ideal for meal prep, gravies and takeaway. Sold as 1500 pcs for wholesale buyers. Free delivery across Surat.",XL-0001
Food Containers,Round Container,250ml Round Container Trans. (1000 pcs),2774,,🥣,https://drive.google.com/thumbnail?id=1eJSlCaHEIHmJQtvXE8_eKovHYI4h1Aw8&sz=w800,"250ml — ideal for meal prep, gravies and takeaway. Sold as 1000 pcs for wholesale buyers. Free delivery across Surat.",XL-0002
Food Containers,Round Container,500ml Round Container Black (1000 pcs),3850,,🥣,https://drive.google.com/thumbnail?id=1IOE-wMGezBsD2pyeB7PPe7uB3bYE-byj&sz=w800,"500ml — ideal for meal prep, gravies and takeaway. Sold as 1000 pcs for wholesale buyers. Free delivery across Surat.",XL-0003
Food Containers,Round Container,600ml Tall Round Container Black (1000 pcs),5140,,🥣,https://drive.google.com/thumbnail?id=1iekdEUEm8JnS8zQhfF8LZ7x4KMo8oTEc&sz=w800,"600ml — ideal for meal prep, gravies and takeaway. Sold as 1000 pcs for wholesale buyers. Free delivery across Surat.",XL-0004
Food Containers,Rectangle Container,500ml Rectangle Container (500pcs),2620,,🍱,https://drive.google.com/thumbnail?id=1svsc3RFX5G43wdZzyX4nsotrbn2xcd88&sz=w800,"500ml — ideal for rice, biryani and curries. Sold as 500 pcs for wholesale buyers. Free delivery across Surat.",XL-0005
Food Containers,Rectangle Container,750ml Rectangle Container (500pcs),2915,,🍱,https://drive.google.com/thumbnail?id=1LKBvD9HJiC9s08j6K-uW0gK7ihqhvuks&sz=w800,"750ml — ideal for rice, biryani and curries. Sold as 500 pcs for wholesale buyers. Free delivery across Surat.",XL-0006
Food Containers,Rectangle Container,1000ml Rectangle Container (500pcs),3470,,🍱,https://drive.google.com/thumbnail?id=1iqCPw82yRz7a4fddW6wq6EMJU3MOXIGY&sz=w800,"1000ml — ideal for rice, biryani and curries. Sold as 500 pcs for wholesale buyers. Free delivery across Surat.",XL-0007
Food Containers,Premium Container,RO 16 - 480ml (500 pcs),3015,,🥡,https://drive.google.com/thumbnail?id=1kmgYYeeF3gkfQ6g1HusrdWDVmV0TQym7&sz=w800,480ml — ideal for premium takeaway and tiffin service. Sold as 500 pcs for wholesale buyers. Free delivery across Surat.,XL-0008
Food Containers,Premium Container,RO 24 - 680ml (500 pcs),3735,,🥡,https://drive.google.com/thumbnail?id=13CJb7zgbTAzVJsqfHGK14RMGAc7a-Fps&sz=w800,680ml — ideal for premium takeaway and tiffin service. Sold as 500 pcs for wholesale buyers. Free delivery across Surat.,XL-0009
Food Containers,Premium Container,RO 32 - 980ml (500 pcs),4125,,🥡,https://drive.google.com/thumbnail?id=1JmRhoSWTMOThjz5LyXeC_Ge0p4xCOxbc&sz=w800,980ml — ideal for premium takeaway and tiffin service. Sold as 500 pcs for wholesale buyers. Free delivery across Surat.,XL-0010
Food Containers,Hinged Container,100ml Hinged Container (3000 pcs),4140,,📦,https://drive.google.com/thumbnail?id=1eelOVL0OUK0CzELZi3Dr9Wgwo6G9QWFE&sz=w800,"100ml — ideal for snacks, salads and quick bites. Sold as 3000 pcs for wholesale buyers. Free delivery across Surat.",XL-0011
Food Containers,Hinged Container,600ml Hinged Container (900pcs),3690,,📦,https://drive.google.com/thumbnail?id=1pXpP_iFi6LYaDjX1V5XyBnH2iek1e8F0&sz=w800,"600ml — ideal for snacks, salads and quick bites. Sold as 900 pcs for wholesale buyers. Free delivery across Surat.",XL-0012
Food Containers,Hinged Container,1000ml Hinged Container (900 pcs),4815,,📦,https://drive.google.com/thumbnail?id=17z7-MHt-3mmegI3EEWkRwLNcniQEDxtF&sz=w800,"1000ml — ideal for snacks, salads and quick bites. Sold as 900 pcs for wholesale buyers. Free delivery across Surat.",XL-0013
Food Containers,Aluminium Container,250ml Aluminium Container (2000 pcs),2460,,🥘,https://drive.google.com/thumbnail?id=195uyIW625J_5290E-tJfj7Q0LSWPbe3I&sz=w800,"250ml food-grade aluminium — ideal for baking, reheating and catering. Sold as 2000 pcs for wholesale buyers. Free delivery across Surat.",XL-0014
Food Containers,Aluminium Container,650ml Aluminium Container (1000 pcs),1800,,🥘,https://drive.google.com/thumbnail?id=1hkwLDvoImnbgaPqv-O5NFYnf_tmPWp_X&sz=w800,"650ml food-grade aluminium — ideal for baking, reheating and catering. Sold as 1000 pcs for wholesale buyers. Free delivery across Surat.",XL-0015
Food Containers,Aluminium Container,2100ml Aluminium Container (100 pcs),1420,,🥘,https://drive.google.com/thumbnail?id=1OEouPmMvlOhB_Eh3UyRA8HZrVk1DsAp_&sz=w800,"2100ml food-grade aluminium — ideal for baking, reheating and catering. Sold as 100 pcs for wholesale buyers. Free delivery across Surat.",XL-0016
Food Containers,Rice Bowl,650ml Rice Bowl,5630,,🍚,https://drive.google.com/thumbnail?id=1M5dO0Vegw6kRgvyO6AWRtnXpHoWOp6EB&sz=w800,"650ml — ideal for rice, noodles and soups. Available at wholesale rates. Free delivery across Surat.",XL-0017
Tableware & Takeaway,Sipper Glasses,250ml Sipper Glasses (500 pcs),2160,,🥤,https://drive.google.com/thumbnail?id=14MEYKhMp0qFCfhGy5tqGEK6xAm240a6e&sz=w800,"250ml — ideal for juices, shakes and cold drinks. Sold as 500 pcs for wholesale buyers. Free delivery across Surat.",XL-0018
Tableware & Takeaway,Sipper Glasses,350ml Sipper Glasses (500 pcs),2325,,🥤,https://drive.google.com/thumbnail?id=1YEt7DdDfn1CRUYKAPzq-ib3jCZwdrirs&sz=w800,"350ml — ideal for juices, shakes and cold drinks. Sold as 500 pcs for wholesale buyers. Free delivery across Surat.",XL-0019
Tableware & Takeaway,Meal Tray,2 Compartment Meal Tray (900 pcs),5391,,🍱,https://drive.google.com/thumbnail?id=1MZVwEjpldV9ugKEv1BraHNgH0f0XZiOD&sz=w800,"Ideal for thali, mid-day meals and tiffins. Sold as 900 pcs for wholesale buyers. Free delivery across Surat.",XL-0020
Tableware & Takeaway,Meal Tray,4 Compartment Meal Tray (900 pcs),5301,,🍱,https://drive.google.com/thumbnail?id=1YE5VZLc32rl_4l7Y63KHz1Ao9wKSM4Lt&sz=w800,"Ideal for thali, mid-day meals and tiffins. Sold as 900 pcs for wholesale buyers. Free delivery across Surat.",XL-0021
Tableware & Takeaway,Meal Tray,8 Compartment Meal Tray (600 pcs),7446,,🍱,https://drive.google.com/thumbnail?id=1jEhUKLR2OMaWOw3YicNUGnqZIIobHLz1&sz=w800,"Ideal for thali, mid-day meals and tiffins. Sold as 600 pcs for wholesale buyers. Free delivery across Surat.",XL-0022
Tableware & Takeaway,Ripple Cup,Packworld 150ml Ripple Glass (2000 pcs),1900,,☕,https://drive.google.com/thumbnail?id=1hoU9Djvqe8TSTUFEq3LjGvJOGEJw6SPt&sz=w800,"150ml insulated ripple-wall paper — ideal for hot tea, coffee and beverages. Sold as 2000 pcs for wholesale buyers. Free delivery across Surat.",XL-0023
Tableware & Takeaway,Ripple Cup,Packworld 250ml Ripple Glass (1000 pcs),1650,,☕,https://drive.google.com/thumbnail?id=1M1Z9O37vmkk1PSIZ7sSDdfo-AYhaqtRz&sz=w800,"250ml insulated ripple-wall paper — ideal for hot tea, coffee and beverages. Sold as 1000 pcs for wholesale buyers. Free delivery across Surat.",XL-0024
Tableware & Takeaway,Ripple Cup,Packworld 350ml Ripple Glass (1000 pcs),2670,,☕,https://drive.google.com/thumbnail?id=1hGqCz9OX9wLodqIihNjnwK7oWR6hez2g&sz=w800,"350ml insulated ripple-wall paper — ideal for hot tea, coffee and beverages. Sold as 1000 pcs for wholesale buyers. Free delivery across Surat.",XL-0025
Tableware & Takeaway,Paper Cup,Packworld 150ml Paper Cup White (5500 pcs),2090,,☕,https://drive.google.com/thumbnail?id=1x7zdEch6_bfeUGYFQUeMBFbmf-u69KzC&sz=w800,"150ml food-grade paper — ideal for tea, coffee and cold drinks. Sold as 5500 pcs for wholesale buyers. Free delivery across Surat.",XL-0026
Tableware & Takeaway,Paper Cup,Packworld 210ml Paper Cup White (4200 pcs),1932,,☕,https://drive.google.com/thumbnail?id=1DGKZqpII6FMAtr6V_wGWPjrnPuljRnqA&sz=w800,"210ml food-grade paper — ideal for tea, coffee and cold drinks. Sold as 4200 pcs for wholesale buyers. Free delivery across Surat.",XL-0027
Tableware & Takeaway,Paper Cup,Packworld 250ml Paper Cup Color (4000 pcs),2200,,☕,https://drive.google.com/thumbnail?id=19dGjfMF0bcCXbcejpghQxzecP4jtFkjm&sz=w800,"250ml food-grade paper — ideal for tea, coffee and cold drinks. Sold as 4000 pcs for wholesale buyers. Free delivery across Surat.",XL-0028
Tableware & Takeaway,Ice Cream Cup,Packworld 100ml Ice Cream Wati (4000 pcs),1880,,🍨,https://drive.google.com/thumbnail?id=1PsITl6egilxIKZn7YfPOIXp4cxHDxH8Q&sz=w800,"100ml — ideal for ice cream, desserts and faloodas. Sold as 4000 pcs for wholesale buyers. Free delivery across Surat.",XL-0029
Tableware & Takeaway,Ice Cream Cup,Packworld 50ml Ice Cream Wati (5400 pcs),1944,,🍨,https://drive.google.com/thumbnail?id=1ysuv5SHcewRmiXENxxiHHmviP1-4MO_n&sz=w800,"50ml — ideal for ice cream, desserts and faloodas. Sold as 5400 pcs for wholesale buyers. Free delivery across Surat.",XL-0030
Food Packaging & Presentation,Pizza Box,7 Inch Pizza Box (100 pcs),566,,🍕,https://drive.google.com/thumbnail?id=1AP2WAzXSvNQSa6m3f1tiqxGFNVc95o7J&sz=w800,"7inch — ideal for pizzas, garlic bread and flatbreads. Sold as 100 pcs for wholesale buyers. Free delivery across Surat.",XL-0031
Food Packaging & Presentation,Pizza Box,9 Inch Pizza Box (100 pcs),799,,🍕,https://drive.google.com/thumbnail?id=1pX7NBLSXPTeZ93kkc65eSg8aBxhmei2N&sz=w800,"9inch — ideal for pizzas, garlic bread and flatbreads. Sold as 100 pcs for wholesale buyers. Free delivery across Surat.",XL-0032
Food Packaging & Presentation,Pizza Box,12 Inch Pizza Box (100 pcs),1416,,🍕,https://drive.google.com/thumbnail?id=1tSeym7GhvACZZsKXTT0qGbfbQ7GX5TGW&sz=w800,"12inch — ideal for pizzas, garlic bread and flatbreads. Sold as 100 pcs for wholesale buyers. Free delivery across Surat.",XL-0033
Food Packaging & Presentation,Paper Box,5x5x3 White Paper Box (100 pcs),229,,📦,https://drive.google.com/thumbnail?id=1eW9H2lInMw0zP08FcRnE-X9c56PbmWEg&sz=w800,"Food-grade paper — ideal for sweets, bakery items and gifting. Sold as 100 pcs for wholesale buyers. Free delivery across Surat.",XL-0034
Food Packaging & Presentation,Paper Box,8x8x4 White Paper Box (100 pcs),480,,📦,https://drive.google.com/thumbnail?id=1GF5XrE1RYskz6Uw_DB0eGY2uBJMDGNTx&sz=w800,"Food-grade paper — ideal for sweets, bakery items and gifting. Sold as 100 pcs for wholesale buyers. Free delivery across Surat.",XL-0035
Food Packaging & Presentation,Paper Box,4x4x2 Silver Paper Box (100 pcs),216,,📦,https://drive.google.com/thumbnail?id=1SsLCYQfkpk-g_WMSdCGZ2VNO0B2aWe6t&sz=w800,"Food-grade paper — ideal for sweets, bakery items and gifting. Sold as 100 pcs for wholesale buyers. Free delivery across Surat.",XL-0036
Food Packaging & Presentation,Burger & Sandwich Box,Burger Box (100 pcs),312,,🍔,https://drive.google.com/thumbnail?id=1KkR8v1xfOjvp6PJG95RO96v4H2MpgVTP&sz=w800,"Ideal for burgers, sandwiches and wraps. Sold as 100 pcs for wholesale buyers. Free delivery across Surat.",XL-0037
Food Packaging & Presentation,Burger & Sandwich Box,Sandwich Box (100 pcs),360,,🍔,https://drive.google.com/thumbnail?id=1setqAXDkNy0OChnJp5DVbLFn8k3MNXNR&sz=w800,"Ideal for burgers, sandwiches and wraps. Sold as 100 pcs for wholesale buyers. Free delivery across Surat.",XL-0038
Food Packaging & Presentation,Cling Wrap,Packworld 30mtr Cling Wrap (100 Roll),3200,,🎞️,https://drive.google.com/thumbnail?id=1hyh7AJF1m3sElak-yeEKhlxIcsDnrEZJ&sz=w800,30mtr — ideal for sealing and keeping food fresh. Sold as 100 roll for wholesale buyers. Free delivery across Surat.,XL-0039
Food Packaging & Presentation,Cling Wrap,Best Fresh Cling Film 1.2kg (6 Roll),834,,🎞️,https://drive.google.com/thumbnail?id=1Zi4LPkDD4EHCIK50adcRzElOfs0Y6LSd&sz=w800,1.2kg — ideal for sealing and keeping food fresh. Sold as 2 kg for wholesale buyers. Free delivery across Surat.,XL-0040
Food Packaging & Presentation,Silver Pouch,5x7 Silver Pouch (10 KG),2100,,🥈,https://drive.google.com/thumbnail?id=1eGYO1d-Cxx1z-gd_dQl81-JzTWXRCCom&sz=w800,"10kg silver-laminated — ideal for dry snacks, spices and namkeen packing. Sold as 10 kg for wholesale buyers. Free delivery across Surat.",XL-0041
Food Packaging & Presentation,Silver Pouch,9x12 Silver Pouch (10 KG),2100,,🥈,https://drive.google.com/thumbnail?id=1bgQbAjLqf_i23WHb14O6utG6cg2uw7yq&sz=w800,"10kg silver-laminated — ideal for dry snacks, spices and namkeen packing. Sold as 10 kg for wholesale buyers. Free delivery across Surat.",XL-0042
Food Packaging & Presentation,Foil,9mtr Taja Foil (100 Roll),2500,,🪙,https://drive.google.com/thumbnail?id=1xgdGjHws7GKrJTd0dvSsb6XROfPue6lw&sz=w800,"9mtr aluminium foil — ideal for wrapping rotis, kebabs and food trays. Sold as 100 roll for wholesale buyers. Free delivery across Surat.",XL-0043
Food Packaging & Presentation,Foil,1kg Gross Foil (25 Roll),8875,,🪙,https://drive.google.com/thumbnail?id=18Ed7NynhDxIr_z-UcjgMNWR2LZktICzi&sz=w800,"1kg aluminium foil — ideal for wrapping rotis, kebabs and food trays. Sold as 1 kg for wholesale buyers. Free delivery across Surat.",XL-0044
"Hygiene, Cleaning & Facility Care",Tissue & Napkin,11x11 Tissue Napkin (25 pkt),200,,🧻,https://drive.google.com/thumbnail?id=17A5V8-5FTcIanJMnu2O3s6mg8EtGZUtn&sz=w800,"Ideal for dining tables, counters and takeaway. Sold as 25 pkt for wholesale buyers. Free delivery across Surat.",XL-0045
"Hygiene, Cleaning & Facility Care",Tissue & Napkin,Table Top Popup Tissue (40 pkt),290,,🧻,https://drive.google.com/thumbnail?id=1EkSKib1z7qkDzyR9nJ4Qrtn5eFVUA6w9&sz=w800,"Ideal for dining tables, counters and takeaway. Sold as 40 pkt for wholesale buyers. Free delivery across Surat.",XL-0046
"Hygiene, Cleaning & Facility Care",Tissue & Napkin,HRT Kitchen Tissue Roll 1.8kg (10 Roll),3020,,🧻,https://drive.google.com/thumbnail?id=1T2WBrp4DxPz3LSaVo3qGZZqq2VM7RW0v&sz=w800,"1.8kg — ideal for dining tables, counters and takeaway. Sold as 8 kg for wholesale buyers. Free delivery across Surat.",XL-0047
"Hygiene, Cleaning & Facility Care",Cap & Gloves,Bouffant Cap 16 Inch (100 pkt),3300,,🧤,https://drive.google.com/thumbnail?id=1q_C_sydbQuWnGvYMyoqgqcfcMZGqJ_zL&sz=w800,16inch — ideal for food handling and kitchen hygiene. Sold as 100 pkt for wholesale buyers. Free delivery across Surat.,XL-0048
"Hygiene, Cleaning & Facility Care",Cap & Gloves,Nitrile Gloves,220,,🧤,https://drive.google.com/thumbnail?id=15reQLancVDx8SaceLf-v5cK9vQqG7Q9u&sz=w800,Ideal for food handling and kitchen hygiene. Available at wholesale rates. Free delivery across Surat.,XL-0049
"Hygiene, Cleaning & Facility Care",Cap & Gloves,Cotton Gloves (100 pcs),830,,🧤,https://drive.google.com/thumbnail?id=1_9HSuJn18yxYg7WjC816nSDt0BAwPAp7&sz=w800,Ideal for food handling and kitchen hygiene. Sold as 100 pcs for wholesale buyers. Free delivery across Surat.,XL-0050
"Hygiene, Cleaning & Facility Care",Tapes,Veg / Non-Veg Logo Cello Tape (144 pcs),3024,,🏷️,https://drive.google.com/thumbnail?id=1WAORvuSxJZB_NQ0O9HPnGRHzY5-Vq8BK&sz=w800,Ideal for sealing parcels with VEG / NON-VEG marking. Sold as 144 pcs for wholesale buyers. Free delivery across Surat.,XL-0051
Decoration & Party,Backdrop,Traditional Rangoli Kolam Backdrop – Brown Ethnic Floor Design Theme,1249,34% off,🎀,https://image.cdn.shpy.in/407769/48-1777700766541.jpeg?width=600&format=webp,"A stunning photo backdrop for birthdays, baby showers and parties. Free delivery across Surat — order in bulk on WhatsApp.",XL-0052
Decoration & Party,Backdrop,Radha Krishna Round Backdrop – Divine Baby Krishna Theme Decoration,1249,34% off,🎀,https://image.cdn.shpy.in/407769/47-1777700703275.jpeg?width=600&format=webp,"A stunning photo backdrop for birthdays, baby showers and parties. Free delivery across Surat — order in bulk on WhatsApp.",XL-0053
Decoration & Party,Backdrop,Shrimant Sanskar Blue Theme Backdrop Set – Traditional Baby Shower Decoration,1249,34% off,🎀,https://image.cdn.shpy.in/407769/46-1777700645191.jpeg?width=600&format=webp,"A stunning photo backdrop for birthdays, baby showers and parties. Free delivery across Surat — order in bulk on WhatsApp.",XL-0054
Decoration & Party,Backdrop,Shrimant Sanskar Green Theme Backdrop Set – Traditional Baby Shower Decoration,1249,34% off,🎀,https://image.cdn.shpy.in/407769/45-1777700580032.jpeg?width=600&format=webp,"A stunning photo backdrop for birthdays, baby showers and parties. Free delivery across Surat — order in bulk on WhatsApp.",XL-0055
Decoration & Party,Backdrop,Shrimant Sanskar Red Orange Theme Backdrop Set – Traditional Baby Shower Decoration,1249,34% off,🎀,https://image.cdn.shpy.in/407769/44-1777700506019.jpeg?width=600&format=webp,"A stunning photo backdrop for birthdays, baby showers and parties. Free delivery across Surat — order in bulk on WhatsApp.",XL-0056
Decoration & Party,Backdrop,Shrimant Sanskar Pink Theme Backdrop Set – Traditional Baby Shower Decoration,1249,34% off,🎀,https://image.cdn.shpy.in/407769/43-1777700442166.jpeg?width=600&format=webp,"A stunning photo backdrop for birthdays, baby showers and parties. Free delivery across Surat — order in bulk on WhatsApp.",XL-0057
Decoration & Party,Backdrop,Lord Ram Birthday Backdrop Set – Ram Theme Kids Birthday Decoration,1249,34% off,🎀,https://image.cdn.shpy.in/407769/42-1777700380889.jpeg?width=600&format=webp,"A stunning photo backdrop for birthdays, baby showers and parties. Free delivery across Surat — order in bulk on WhatsApp.",XL-0058
Decoration & Party,Backdrop,Ram Sita Wedding Backdrop Set – Divine Hindu Marriage Theme Decoration,1249,34% off,🎀,https://image.cdn.shpy.in/407769/41-1777700323873.jpeg?width=600&format=webp,"A stunning photo backdrop for birthdays, baby showers and parties. Free delivery across Surat — order in bulk on WhatsApp.",XL-0059
Decoration & Party,Backdrop,Nandlala Chhathi Pujan Backdrop Set – Traditional Puja Decoration Theme,1249,34% off,🎀,https://image.cdn.shpy.in/407769/40-1777700253858.jpeg?width=600&format=webp,"A stunning photo backdrop for birthdays, baby showers and parties. Free delivery across Surat — order in bulk on WhatsApp.",XL-0060
Decoration & Party,Backdrop,Baby Shower Teddy Bear Theme Backdrop Set – Welcome Baby Decoration,1249,34% off,🎀,https://image.cdn.shpy.in/407769/39-1777700198367.jpeg?width=600&format=webp,"A stunning photo backdrop for birthdays, baby showers and parties. Free delivery across Surat — order in bulk on WhatsApp.",XL-0061
Decoration & Party,Backdrop,Lord Shivji Wedding Backdrop Set – Shiv Parvati Traditional Marriage Theme,1249,34% off,🎀,https://image.cdn.shpy.in/407769/38-1777700132568.jpeg?width=600&format=webp,"A stunning photo backdrop for birthdays, baby showers and parties. Free delivery across Surat — order in bulk on WhatsApp.",XL-0062
Decoration & Party,Backdrop,Lord Shivji Wedding Backdrop Set – Shiv Parvati Divine Marriage Theme Decoration,1249,34% off,🎀,https://image.cdn.shpy.in/407769/37-1777700051342.jpeg?width=600&format=webp,"A stunning photo backdrop for birthdays, baby showers and parties. Free delivery across Surat — order in bulk on WhatsApp.",XL-0063
Decoration & Party,Backdrop,Haldi Flower Theme Backdrop Set – Yellow Floral Wedding Decoration,1249,34% off,🎀,https://image.cdn.shpy.in/407769/36-1777699993923.jpeg?width=600&format=webp,"A stunning photo backdrop for birthdays, baby showers and parties. Free delivery across Surat — order in bulk on WhatsApp.",XL-0064
Decoration & Party,Backdrop,Shiv Parvati Wedding Backdrop – Traditional Divine Marriage Theme 8x8 Feet,1249,34% off,🎀,https://image.cdn.shpy.in/407769/35-1777699927654.jpeg?width=600&format=webp,"A stunning photo backdrop for birthdays, baby showers and parties. Free delivery across Surat — order in bulk on WhatsApp.",XL-0065
Decoration & Party,Backdrop,Racing Car Birthday Backdrop Set – Boys Car Theme Birthday Decoration,1249,34% off,🎀,https://image.cdn.shpy.in/407769/34-1777699871832.jpeg?width=600&format=webp,"A stunning photo backdrop for birthdays, baby showers and parties. Free delivery across Surat — order in bulk on WhatsApp.",XL-0066
Decoration & Party,Backdrop,Welcome Baby Pink Teddy Bear Backdrop Set – Baby Girl Decoration Theme,1249,34% off,🎀,https://image.cdn.shpy.in/407769/33-1777699805813.jpeg?width=600&format=webp,"A stunning photo backdrop for birthdays, baby showers and parties. Free delivery across Surat — order in bulk on WhatsApp.",XL-0067
Decoration & Party,Backdrop,Welcome Baby Blue Teddy Bear Backdrop Set – Baby Boy Decoration Theme,1249,34% off,🎀,https://image.cdn.shpy.in/407769/32-1777699743528.jpeg?width=600&format=webp,"A stunning photo backdrop for birthdays, baby showers and parties. Free delivery across Surat — order in bulk on WhatsApp.",XL-0068
Decoration & Party,Backdrop,Barbie Theme Birthday Backdrop Set – Pink Girl Birthday Decoration,1249,34% off,🎀,https://image.cdn.shpy.in/407769/31-1777699685076.jpeg?width=600&format=webp,"A stunning photo backdrop for birthdays, baby showers and parties. Free delivery across Surat — order in bulk on WhatsApp.",XL-0069
Decoration & Party,Backdrop,Kankotri Lekhan Gujarati Wedding Backdrop Set – 8x8 ft 2 Panel with Editable Welcome Board,1249,34% off,🎀,https://image.cdn.shpy.in/407769/30-1777699629668.jpeg?width=600&format=webp,"A stunning photo backdrop for birthdays, baby showers and parties. Free delivery across Surat — order in bulk on WhatsApp.",XL-0070
Decoration & Party,Backdrop,Shreemanth Maa Theme Backdrop Set – Traditional Baby Shower Decoration,1249,34% off,🎀,https://image.cdn.shpy.in/407769/29-1777699569324.jpeg?width=600&format=webp,"A stunning photo backdrop for birthdays, baby showers and parties. Free delivery across Surat — order in bulk on WhatsApp.",XL-0071
Decoration & Party,Latex Balloons,RED COLOUR 50 PCS METALLIC BALLOON,40,20% off,🎈,https://image.cdn.shpy.in/407769/d8679a78-43bd-487a-88e5-e30e33e3926e-1773726864130.png?width=600&format=webp,Colourful latex balloons for birthdays and celebrations. Supplied as 50 pcs. Free delivery across Surat — order in bulk on WhatsApp.,XL-0072
Decoration & Party,Latex Balloons,BLACK COLOUR 50 PCS METALLIC BALLOON,40,20% off,🎈,https://image.cdn.shpy.in/407769/91a36d4d-42b6-406b-9186-a6fb78d7b073-1773726814380.png?width=600&format=webp,Colourful latex balloons for birthdays and celebrations. Supplied as 50 pcs. Free delivery across Surat — order in bulk on WhatsApp.,XL-0073
Decoration & Party,Latex Balloons,WHITE COLOUR 50 PCS METALLIC BALLOON,40,20% off,🎈,https://image.cdn.shpy.in/407769/18fbdb90-1a27-4ada-9c73-b0c2cb4e9a0f-1773726732687.png?width=600&format=webp,Colourful latex balloons for birthdays and celebrations. Supplied as 50 pcs. Free delivery across Surat — order in bulk on WhatsApp.,XL-0074
Decoration & Party,Latex Balloons,SILVER COLOUR 50 PCS METALLIC BALLOON,40,20% off,🎈,https://image.cdn.shpy.in/407769/ed2e69ba-b459-4af5-9ccb-e2a8e2f77077-1773726669435.png?width=600&format=webp,Colourful latex balloons for birthdays and celebrations. Supplied as 50 pcs. Free delivery across Surat — order in bulk on WhatsApp.,XL-0075
Decoration & Party,Latex Balloons,SKY BLUE COLOUR 50 PCS METALLIC BALLOON,40,20% off,🎈,https://image.cdn.shpy.in/407769/783d16d9-203b-43a9-89c5-c4101800ec14-1773726579056.png?width=600&format=webp,Colourful latex balloons for birthdays and celebrations. Supplied as 50 pcs. Free delivery across Surat — order in bulk on WhatsApp.,XL-0076
Decoration & Party,Latex Balloons,GREEN COLOUR 50 PCS METALLIC BALLOON,40,20% off,🎈,https://image.cdn.shpy.in/407769/471701b2-bd34-4585-b098-7e9489ff32c2-1773726439996.png?width=600&format=webp,Colourful latex balloons for birthdays and celebrations. Supplied as 50 pcs. Free delivery across Surat — order in bulk on WhatsApp.,XL-0077
Decoration & Party,Latex Balloons,BLUE COLOUR 50 PCS METALLIC BALLOON,40,20% off,🎈,https://image.cdn.shpy.in/407769/6b6f4ed6-5324-4839-a771-687836e143de-1773726380811.png?width=600&format=webp,Colourful latex balloons for birthdays and celebrations. Supplied as 50 pcs. Free delivery across Surat — order in bulk on WhatsApp.,XL-0078
Decoration & Party,Latex Balloons,GOLDEN COLOUR 50 PCS METALLIC BALLOON,40,20% off,🎈,https://image.cdn.shpy.in/407769/ChatGPTImageMar17202611_14_54AM-1773726301858.png?width=600&format=webp,Colourful latex balloons for birthdays and celebrations. Supplied as 50 pcs. Free delivery across Surat — order in bulk on WhatsApp.,XL-0079
Decoration & Party,Latex Balloons,PURPLE COLOUR 50 PCS METALLIC BALLOON,40,20% off,🎈,https://image.cdn.shpy.in/407769/ChatGPTImageMar17202611_12_57AM-1773726188158.png?width=600&format=webp,Colourful latex balloons for birthdays and celebrations. Supplied as 50 pcs. Free delivery across Surat — order in bulk on WhatsApp.,XL-0080
Decoration & Party,Latex Balloons,PINK COLOUR 50 PCS METALLIC BALLOON,40,20% off,🎈,https://image.cdn.shpy.in/407769/Gemini_Generated_Image_mlb0hymlb0hymlb0-1773726038440.png?width=600&format=webp,Colourful latex balloons for birthdays and celebrations. Supplied as 50 pcs. Free delivery across Surat — order in bulk on WhatsApp.,XL-0081
Decoration & Party,Latex Balloons,ORANGE COLOUR 50 PCS METALLIC BALLOON,40,20% off,🎈,https://image.cdn.shpy.in/407769/metallic-luftballon-orange-1754979614345-1773725811078.jpeg?width=600&format=webp,Colourful latex balloons for birthdays and celebrations. Supplied as 50 pcs. Free delivery across Surat — order in bulk on WhatsApp.,XL-0082
Decoration & Party,Latex Balloons,YELLOW COLOUR 50 PCS METALLIC BALLOON,40,20% off,🎈,https://image.cdn.shpy.in/407769/unnamed-1773725694479.jpeg?width=600&format=webp,Colourful latex balloons for birthdays and celebrations. Supplied as 50 pcs. Free delivery across Surat — order in bulk on WhatsApp.,XL-0083
Decoration & Party,Latex Balloons,YELLOW COLOUR 1000PCS METALLIC BALLOON,675,6% off,🎈,https://image.cdn.shpy.in/407769/12-1752496489573.png?width=600&format=webp,Colourful latex balloons for birthdays and celebrations. Supplied as 1000 pcs. Free delivery across Surat — order in bulk on WhatsApp.,XL-0084
Decoration & Party,Latex Balloons,ORANGE COLOUR 1000PCS METALLIC BALLOON,675,6% off,🎈,https://image.cdn.shpy.in/407769/11-1752496474619.png?width=600&format=webp,Colourful latex balloons for birthdays and celebrations. Supplied as 1000 pcs. Free delivery across Surat — order in bulk on WhatsApp.,XL-0085
Decoration & Party,Latex Balloons,PINK COLOUR 1000PCS METALLIC BALLOON,675,6% off,🎈,https://image.cdn.shpy.in/407769/10-1752496459294.png?width=600&format=webp,Colourful latex balloons for birthdays and celebrations. Supplied as 1000 pcs. Free delivery across Surat — order in bulk on WhatsApp.,XL-0086
Decoration & Party,Latex Balloons,PURPLE COLOUR 1000PCS METALLIC BALLOON,675,6% off,🎈,https://image.cdn.shpy.in/407769/9-1752496444576.png?width=600&format=webp,Colourful latex balloons for birthdays and celebrations. Supplied as 1000 pcs. Free delivery across Surat — order in bulk on WhatsApp.,XL-0087
Decoration & Party,Latex Balloons,GOLDEN COLOUR 1000PCS METALLIC BALLOON,675,6% off,🎈,https://image.cdn.shpy.in/407769/8-1752496427311.png?width=600&format=webp,Colourful latex balloons for birthdays and celebrations. Supplied as 1000 pcs. Free delivery across Surat — order in bulk on WhatsApp.,XL-0088
Decoration & Party,Latex Balloons,BLUE COLOUR 1000PCS METALLIC BALLOON,675,6% off,🎈,https://image.cdn.shpy.in/407769/7-1752496409181.png?width=600&format=webp,Colourful latex balloons for birthdays and celebrations. Supplied as 1000 pcs. Free delivery across Surat — order in bulk on WhatsApp.,XL-0089
Decoration & Party,Latex Balloons,GREEN COLOUR 1000PCS METALLIC BALLOON,675,6% off,🎈,https://image.cdn.shpy.in/407769/6-1752496393080.png?width=600&format=webp,Colourful latex balloons for birthdays and celebrations. Supplied as 1000 pcs. Free delivery across Surat — order in bulk on WhatsApp.,XL-0090
Decoration & Party,Latex Balloons,SKY BLUE COLOUR 1000PCS METALLIC BALLOON,675,6% off,🎈,https://image.cdn.shpy.in/407769/5-1752496371598.png?width=600&format=webp,Colourful latex balloons for birthdays and celebrations. Supplied as 1000 pcs. Free delivery across Surat — order in bulk on WhatsApp.,XL-0091
Decoration & Party,Foil Balloon,"""0"" NUMBER GOLDEN FOIL BALLOON 16 INCH",4,20% off,🎈,https://image.cdn.shpy.in/407769/ChatGPTImageJul15202502_08_55PM-1752568816062.png?width=600&format=webp,Shiny foil balloons that add a premium party look. Free delivery across Surat — order in bulk on WhatsApp.,XL-0092
Decoration & Party,Foil Balloon,ROSE GOLD HEART FOIL BALLOON 18 INCH,7,13% off,🎈,https://image.cdn.shpy.in/407769/.png-1752476167697.?width=600&format=webp,Shiny foil balloons that add a premium party look. Free delivery across Surat — order in bulk on WhatsApp.,XL-0093
Decoration & Party,Foil Balloon,SILVER HEART FOIL BALLOON 18 INCH,7,13% off,🎈,https://image.cdn.shpy.in/407769/SilverHeartBalloononSoftBackground-1752475949963.png?width=600&format=webp,Shiny foil balloons that add a premium party look. Free delivery across Surat — order in bulk on WhatsApp.,XL-0094
Decoration & Party,Foil Balloon,GOLDEN HEART FOIL BALLOON 18 INCH,7,13% off,🎈,https://image.cdn.shpy.in/407769/Balloon-1752475916981.png?width=600&format=webp,Shiny foil balloons that add a premium party look. Free delivery across Surat — order in bulk on WhatsApp.,XL-0095
Decoration & Party,Foil Balloon,RED HEART FOIL BALLOON 18 INCH,7,13% off,🎈,https://image.cdn.shpy.in/407769/.png-1752475887769.?width=600&format=webp,Shiny foil balloons that add a premium party look. Free delivery across Surat — order in bulk on WhatsApp.,XL-0096
Decoration & Party,Foil Balloon,White Star Foil Balloon –18INCH Single Piece with Card Packaging,7,13% off,🎈,https://image.cdn.shpy.in/407769/SKU-1177_0-1749041068765.jpg?width=600&format=webp,Shiny foil balloons that add a premium party look. Free delivery across Surat — order in bulk on WhatsApp.,XL-0097
Decoration & Party,Foil Balloon,Black Star Foil Balloon –18INCH Single Piece with Card Packaging,7,13% off,🎈,https://image.cdn.shpy.in/407769/SKU-1176_0-1749041052710.jpg?width=600&format=webp,Shiny foil balloons that add a premium party look. Free delivery across Surat — order in bulk on WhatsApp.,XL-0098
Decoration & Party,Foil Balloon,Dark Blue Star Foil Balloon –18INCH Single Piece with Card Packaging,7,13% off,🎈,https://image.cdn.shpy.in/407769/SKU-1175_0-1749041032416.jpg?width=600&format=webp,Shiny foil balloons that add a premium party look. Free delivery across Surat — order in bulk on WhatsApp.,XL-0099
Decoration & Party,Foil Balloon,Sky Blue Star Foil Balloon –18INCH Single Piece with Card Packaging,7,13% off,🎈,https://image.cdn.shpy.in/407769/SKU-1174_0-1749041012977.jpg?width=600&format=webp,Shiny foil balloons that add a premium party look. Free delivery across Surat — order in bulk on WhatsApp.,XL-0100
Decoration & Party,Foil Balloon,Dark Pink Star Foil Balloon –18INCH Single Piece with Card Packaging,7,13% off,🎈,https://image.cdn.shpy.in/407769/SKU-1173_0-1749040993944.jpg?width=600&format=webp,Shiny foil balloons that add a premium party look. Free delivery across Surat — order in bulk on WhatsApp.,XL-0101
Decoration & Party,Foil Balloon,Light Pink Star Foil Balloon –18INCH Single Piece with Card Packaging,7,13% off,🎈,https://image.cdn.shpy.in/407769/SKU-1172_0-1749040879581.jpg?width=600&format=webp,Shiny foil balloons that add a premium party look. Free delivery across Surat — order in bulk on WhatsApp.,XL-0102
Decoration & Party,Foil Balloon,Rose Gold Star Foil Balloon –18INCH Single Piece with Card Packaging,7,13% off,🎈,https://image.cdn.shpy.in/407769/SKU-1171_0-1749040845778.jpg?width=600&format=webp,Shiny foil balloons that add a premium party look. Free delivery across Surat — order in bulk on WhatsApp.,XL-0103
Decoration & Party,Foil Balloon,SILVER Star Foil Balloon –18INCH Single Piece with Card Packaging,7,13% off,🎈,https://image.cdn.shpy.in/407769/MetallicSilverStarBalloon-1749040641733.png?width=600&format=webp,Shiny foil balloons that add a premium party look. Free delivery across Surat — order in bulk on WhatsApp.,XL-0104
Decoration & Party,Foil Balloon,GOLDEN Star Foil Balloon –18INCH Single Piece with Card Packaging,7,13% off,🎈,https://image.cdn.shpy.in/407769/GleamingGoldStarBalloon-1749040594953.png?width=600&format=webp,Shiny foil balloons that add a premium party look. Free delivery across Surat — order in bulk on WhatsApp.,XL-0105
Decoration & Party,Foil Balloon,Baby Face Blue Foil Balloon,13,13% off,🎈,https://image.cdn.shpy.in/407769/SKU-1152_0-1748898677374.jpg?width=600&format=webp,Shiny foil balloons that add a premium party look. Free delivery across Surat — order in bulk on WhatsApp.,XL-0106
Decoration & Party,Foil Balloon,Baby Face Pink Foil Balloon,13,13% off,🎈,https://image.cdn.shpy.in/407769/SKU-1153_0-1748898696878.jpg?width=600&format=webp,Shiny foil balloons that add a premium party look. Free delivery across Surat — order in bulk on WhatsApp.,XL-0107
Decoration & Party,Foil Balloon,Cradle Pink Foil Balloon,13,13% off,🎈,https://image.cdn.shpy.in/407769/SKU-1154_0-1748898764736.jpg?width=600&format=webp,Shiny foil balloons that add a premium party look. Free delivery across Surat — order in bulk on WhatsApp.,XL-0108
Decoration & Party,Foil Balloon,Cradle Blue Foil Balloon,13,13% off,🎈,https://image.cdn.shpy.in/407769/SKU-1155_0-1748898783475.jpg?width=600&format=webp,Shiny foil balloons that add a premium party look. Free delivery across Surat — order in bulk on WhatsApp.,XL-0109
Decoration & Party,Foil Balloon,Milk Bottle Blue Foil Balloon,13,13% off,🎈,https://image.cdn.shpy.in/407769/SKU-1163_0-1748899158502.jpg?width=600&format=webp,Shiny foil balloons that add a premium party look. Free delivery across Surat — order in bulk on WhatsApp.,XL-0110
Decoration & Party,Foil Balloon,Milk Bottle Pink Foil Balloon,13,13% off,🎈,https://image.cdn.shpy.in/407769/SKU-1157_0-1748898822245.jpg?width=600&format=webp,Shiny foil balloons that add a premium party look. Free delivery across Surat — order in bulk on WhatsApp.,XL-0111
Decoration & Party,BABY BOX FOR DECORATIONS,"One Balloon Box Set for Baby Shower, Gender Reveal & First Birthday",220,,🍼,https://image.cdn.shpy.in/407769/WhatsAppImage2025-06-14at112036-1749881732697.jpeg?width=600&format=webp,A themed baby-shower decoration box. Free delivery across Surat — order in bulk on WhatsApp.,XL-0112
Decoration & Party,BABY BOX FOR DECORATIONS,"Love Balloon Box Set for Baby Shower, Gender Reveal & First Birthday",220,,🍼,https://image.cdn.shpy.in/407769/WhatsAppImage2025-06-14at112034-1749881707969.jpeg?width=600&format=webp,A themed baby-shower decoration box. Free delivery across Surat — order in bulk on WhatsApp.,XL-0113
Decoration & Party,BABY BOX FOR DECORATIONS,"Blue-2 Baby Balloon Box Set for Baby Shower, Gender Reveal & First Birthday",220,,🍼,https://image.cdn.shpy.in/407769/WhatsAppImage2025-06-14at114426-1749881679570.jpeg?width=600&format=webp,A themed baby-shower decoration box. Free delivery across Surat — order in bulk on WhatsApp.,XL-0114
Decoration & Party,BABY BOX FOR DECORATIONS,"Pink-2 Baby Balloon Box Set for Baby Shower, Gender Reveal & First Birthday",220,,🍼,https://image.cdn.shpy.in/407769/WhatsAppImage2025-06-14at114002-1749881599046.jpeg?width=600&format=webp,A themed baby-shower decoration box. Free delivery across Surat — order in bulk on WhatsApp.,XL-0115
Decoration & Party,BABY BOX FOR DECORATIONS,"green Baby Balloon Box Set for Baby Shower, Gender Reveal & First Birthday",220,,🍼,https://image.cdn.shpy.in/407769/WhatsAppImage2025-06-14at1140031-1749881556607.jpeg?width=600&format=webp,A themed baby-shower decoration box. Free delivery across Surat — order in bulk on WhatsApp.,XL-0116
Decoration & Party,BABY BOX FOR DECORATIONS,"Purple Baby Balloon Box Set for Baby Shower, Gender Reveal & First Birthday",220,,🍼,https://image.cdn.shpy.in/407769/WhatsAppImage2025-06-14at114003-1749881527158.jpeg?width=600&format=webp,A themed baby-shower decoration box. Free delivery across Surat — order in bulk on WhatsApp.,XL-0117
Decoration & Party,BABY BOX FOR DECORATIONS,"Blue Baby Balloon Box Set for Baby Shower, Gender Reveal & First Birthday",220,,🍼,https://image.cdn.shpy.in/407769/71BKHnJv3iL-1749881483346.jpeg?width=600&format=webp,A themed baby-shower decoration box. Free delivery across Surat — order in bulk on WhatsApp.,XL-0118
Decoration & Party,BABY BOX FOR DECORATIONS,"Pink Baby Balloon Box Set for Baby Shower, Gender Reveal & First Birthday",220,,🍼,https://image.cdn.shpy.in/407769/31T5Rg0JmxL_AC_UF10001000_QL80_-1749881418246.jpeg?width=600&format=webp,A themed baby-shower decoration box. Free delivery across Surat — order in bulk on WhatsApp.,XL-0119
Decoration & Party,BABY BOX FOR DECORATIONS,"Wooden Baby Balloon Box Set for Baby Shower, Gender Reveal & First Birthday",220,,🍼,https://image.cdn.shpy.in/407769/images-1749881327922.jpeg?width=600&format=webp,A themed baby-shower decoration box. Free delivery across Surat — order in bulk on WhatsApp.,XL-0120
Decoration & Party,BABY BOX FOR DECORATIONS,Silver Baby Balloon Box Set for Baby Shower,220,,🍼,https://image.cdn.shpy.in/407769/Artboard-1-3-5_c3b7a80b-1f46-48cd-baae-40b9c764d2f9-1749881290437.webp?width=600&format=webp,A themed baby-shower decoration box. Free delivery across Surat — order in bulk on WhatsApp.,XL-0121
Decoration & Party,BABY BOX FOR DECORATIONS,"White Baby Balloon Box Set for Baby Shower, Gender Reveal & First Birthday",220,,🍼,https://image.cdn.shpy.in/407769/613-iEWiy5L-1749881205779.jpeg?width=600&format=webp,A themed baby-shower decoration box. Free delivery across Surat — order in bulk on WhatsApp.,XL-0122
Decoration & Party,BABY BOX FOR DECORATIONS,"Golden Baby Balloon Box Set for Baby Shower, Gender Reveal & First Birthday",220,,🍼,https://image.cdn.shpy.in/407769/WhatsAppImage2025-06-14at112016-1749881142783.jpeg?width=600&format=webp,A themed baby-shower decoration box. Free delivery across Surat — order in bulk on WhatsApp.,XL-0123
Decoration & Party,Curl Ribbon,PARROT GREEN COLOR CURL RIBBON 10 YARD (pack of 5),17,23% off,🎀,https://image.cdn.shpy.in/407769/ChatGPTImageJun2202506_47_20PM-1748874326170.png?width=600&format=webp,Curling ribbon for gift wrapping and balloon styling. Free delivery across Surat — order in bulk on WhatsApp.,XL-0124
Decoration & Party,Curl Ribbon,BABY PINK COLOR CURL RIBBON 10 YARD(pack of 5),17,23% off,🎀,https://image.cdn.shpy.in/407769/ChatGPTImageJun2202506_47_40PM-1748874290006.png?width=600&format=webp,Curling ribbon for gift wrapping and balloon styling. Free delivery across Surat — order in bulk on WhatsApp.,XL-0125
Decoration & Party,Curl Ribbon,WHITE COLOR CURL RIBBON 10 YARD(pack of 5),17,23% off,🎀,https://image.cdn.shpy.in/407769/ChatGPTImageJun2202506_47_42PM-1748873878484.png?width=600&format=webp,Curling ribbon for gift wrapping and balloon styling. Free delivery across Surat — order in bulk on WhatsApp.,XL-0126
Decoration & Party,Curl Ribbon,ORANGE COLOR CURL RIBBON 10 YARD(pack of 5),17,23% off,🎀,https://image.cdn.shpy.in/407769/ChatGPTImageJun2202506_47_46PM-1748873854635.png?width=600&format=webp,Curling ribbon for gift wrapping and balloon styling. Free delivery across Surat — order in bulk on WhatsApp.,XL-0127
Decoration & Party,Curl Ribbon,DARK PINK COLOR CURL RIBBON 10 YARD(pack of 5),17,23% off,🎀,https://image.cdn.shpy.in/407769/ChatGPTImageJun2202506_50_58PM-1748873830069.png?width=600&format=webp,Curling ribbon for gift wrapping and balloon styling. Free delivery across Surat — order in bulk on WhatsApp.,XL-0128
Decoration & Party,Curl Ribbon,DARK BLUE COLOR CURL RIBBON 10 YARD(pack of 5),17,23% off,🎀,https://image.cdn.shpy.in/407769/ChatGPTImageJun2202506_51_02PM-1748873798764.png?width=600&format=webp,Curling ribbon for gift wrapping and balloon styling. Free delivery across Surat — order in bulk on WhatsApp.,XL-0129
Decoration & Party,Curl Ribbon,SILVER COLOR CURL RIBBON 10 YARD(pack of 5),17,23% off,🎀,https://image.cdn.shpy.in/407769/ChatGPTImageJun2202507_05_57PM-1748873769247.png?width=600&format=webp,Curling ribbon for gift wrapping and balloon styling. Free delivery across Surat — order in bulk on WhatsApp.,XL-0130
Decoration & Party,Curl Ribbon,GOLDEN COLOR CURL RIBBON 10 YARD(pack of 5),17,23% off,🎀,https://image.cdn.shpy.in/407769/ChatGPTImageJun2202507_05_59PM-1748873735161.png?width=600&format=webp,Curling ribbon for gift wrapping and balloon styling. Free delivery across Surat — order in bulk on WhatsApp.,XL-0131
Decoration & Party,Curl Ribbon,SKY BLUE COLOR CURL RIBBON 10 YARD(pack of 5),17,23% off,🎀,https://image.cdn.shpy.in/407769/ChatGPTImageJun2202507_06_01PM-1748873665598.png?width=600&format=webp,Curling ribbon for gift wrapping and balloon styling. Free delivery across Surat — order in bulk on WhatsApp.,XL-0132
Decoration & Party,Curl Ribbon,RED COLOR CURL RIBBON 10 YARD(pack of 5),17,23% off,🎀,https://image.cdn.shpy.in/407769/ChatGPTImageJun2202507_06_02PM-1748873598709.png?width=600&format=webp,Curling ribbon for gift wrapping and balloon styling. Free delivery across Surat — order in bulk on WhatsApp.,XL-0133
Decoration & Party,Curl Ribbon,YELLOW COLOR CURL RIBBON 10 YARD(pack of 5),17,23% off,🎀,https://image.cdn.shpy.in/407769/ChatGPTImageJun2202506_50_59PM-1748873575220.png?width=600&format=webp,Curling ribbon for gift wrapping and balloon styling. Free delivery across Surat — order in bulk on WhatsApp.,XL-0134
Decoration & Party,Curl Ribbon,PURPLE COLOR CURL RIBBON 10 YARD(pack of 5),17,23% off,🎀,https://image.cdn.shpy.in/407769/ChatGPTImageJun2202507_06_04PM-1748873536257.png?width=600&format=webp,Curling ribbon for gift wrapping and balloon styling. Free delivery across Surat — order in bulk on WhatsApp.,XL-0135
Decoration & Party,Banners,Happy Birthday Banner – Dark Blue with Yellow Letters,14,22% off,🚩,https://image.cdn.shpy.in/407769/HAPPYBIRTHDAYDARKBLUEBANNERWHOLESALE-1753437012642.jpeg?width=600&format=webp,Eye-catching banners for birthdays and welcome setups. Free delivery across Surat — order in bulk on WhatsApp.,XL-0136
Decoration & Party,Banners,Happy Birthday Banner – Blue with Yellow Letters,14,22% off,🚩,https://image.cdn.shpy.in/407769/HAPPYBIRTHDAYBLUEBANNERWHOLESALE-1753436916746.jpeg?width=600&format=webp,Eye-catching banners for birthdays and welcome setups. Free delivery across Surat — order in bulk on WhatsApp.,XL-0137
Decoration & Party,Banners,Happy Birthday Banner – Black with Golden Yellow Letters,14,22% off,🚩,https://image.cdn.shpy.in/407769/HAPPYBIRTHDAYBLACKBANNERWHOLESALE-1753436825032.jpeg?width=600&format=webp,Eye-catching banners for birthdays and welcome setups. Free delivery across Surat — order in bulk on WhatsApp.,XL-0138
Decoration & Party,Banners,Happy Birthday Banner – Baby Pink with Yellow Letters,14,22% off,🚩,https://image.cdn.shpy.in/407769/HAPPYBIRTHDAYBABYPINKBANNERWHOLESALE-1753436767562.jpeg?width=600&format=webp,Eye-catching banners for birthdays and welcome setups. Free delivery across Surat — order in bulk on WhatsApp.,XL-0139
Decoration & Party,Banners,Baby Shower Banner – Gift Box Pink Cartoon Print (Wholesale),22,27% off,🚩,https://image.cdn.shpy.in/407769/BabyShowerBannerGiftBoxPinkCartoonPrintWholesale-1753435907696.jpeg?width=600&format=webp,Eye-catching banners for birthdays and welcome setups. Free delivery across Surat — order in bulk on WhatsApp.,XL-0140
Decoration & Party,Banners,Baby Shower Banner – Gift Box Blue Cartoon Print (Wholesale),22,27% off,🚩,https://image.cdn.shpy.in/407769/BabyShowerBannerGiftBoxBlueCartoonPrintWholesale-1753435873390.jpeg?width=600&format=webp,Eye-catching banners for birthdays and welcome setups. Free delivery across Surat — order in bulk on WhatsApp.,XL-0141
Decoration & Party,Banners,Baby Shower Banner – Pink Clothes Cut-Out Design (Bulk Supply),22,12% off,🚩,https://image.cdn.shpy.in/407769/BabyShowerBannerPinkClothesCut-OutDesignBulkSupply-1753435833041.jpeg?width=600&format=webp,Eye-catching banners for birthdays and welcome setups. Free delivery across Surat — order in bulk on WhatsApp.,XL-0142
Decoration & Party,Banners,Baby Shower Banner – Blue Clothes Cut-Out Design (Bulk Supply),22,27% off,🚩,https://image.cdn.shpy.in/407769/BabyShowerBannerBlueClothesCut-OutDesignBulkSupply-1753435705860.jpeg?width=600&format=webp,Eye-catching banners for birthdays and welcome setups. Free delivery across Surat — order in bulk on WhatsApp.,XL-0143
Decoration & Party,Banners,Baby Shower Banner – All-in-One Pink Theme (Wholesale Pack),22,27% off,🚩,https://image.cdn.shpy.in/407769/BabyShowerBannerAll-in-OnePinkThemeWholesalePack-1753435611835.jpeg?width=600&format=webp,Eye-catching banners for birthdays and welcome setups. Free delivery across Surat — order in bulk on WhatsApp.,XL-0144
Decoration & Party,Banners,Baby Shower Banner – All-in-One Blue Theme (Wholesale Pack),22,27% off,🚩,https://image.cdn.shpy.in/407769/BabyShowerBannerAll-in-OneBlueThemeWholesalePack-1753435547257.jpeg?width=600&format=webp,Eye-catching banners for birthdays and welcome setups. Free delivery across Surat — order in bulk on WhatsApp.,XL-0145
Decoration & Party,Banners,Happy Anniversary Banner - White & Golden Theme,48,14% off,🚩,https://image.cdn.shpy.in/407769/HAPPYANNIVERSARYWHITEBANNER-1753435144152.jpeg?width=600&format=webp,Eye-catching banners for birthdays and welcome setups. Free delivery across Surat — order in bulk on WhatsApp.,XL-0146
Decoration & Party,Banners,Happy Anniversary Banner - Red & Yellow Theme,48,14% off,🚩,https://image.cdn.shpy.in/407769/HAPPYANNIVERSARYREDBANNERWHOLESALE-1753435090790.jpeg?width=600&format=webp,Eye-catching banners for birthdays and welcome setups. Free delivery across Surat — order in bulk on WhatsApp.,XL-0147
Decoration & Party,Banners,Happy Anniversary Banner - Black & Gold Theme,48,14% off,🚩,https://image.cdn.shpy.in/407769/HAPPYANNIVERSARYBLACKBANNERWHOLESALE-1753434983389.jpeg?width=600&format=webp,Eye-catching banners for birthdays and welcome setups. Free delivery across Surat — order in bulk on WhatsApp.,XL-0148
Decoration & Party,Banners,POLKA DOT BIRTHDAY BANNER,7,6% off,🚩,https://image.cdn.shpy.in/407769/SKU-0987_0-1745847293087.jpg?width=600&format=webp,Eye-catching banners for birthdays and welcome setups. Free delivery across Surat — order in bulk on WhatsApp.,XL-0149
Decoration & Party,Banners,MULTI BANNER,8,20% off,🚩,https://image.cdn.shpy.in/407769/happy-birthday-1749881822104.jpeg?width=600&format=webp,Eye-catching banners for birthdays and welcome setups. Free delivery across Surat — order in bulk on WhatsApp.,XL-0150
Decoration & Party,Banners,BRIDE TO BE GLIITER BANNER CHINA CURSIVE,18,18% off,🚩,https://image.cdn.shpy.in/407769/wedding-box-alphabet-letter-500x500-1742476526492.webp?width=600&format=webp,Eye-catching banners for birthdays and welcome setups. Free delivery across Surat — order in bulk on WhatsApp.,XL-0151
Decoration & Party,Banners,HAPPY BIRTHDAY GLIITER BANNER CUT,18,18% off,🚩,https://image.cdn.shpy.in/407769/Hafbd6a41f4cf4649846366697c387a53T-1748710672828.png?width=600&format=webp,Eye-catching banners for birthdays and welcome setups. Free delivery across Surat — order in bulk on WhatsApp.,XL-0152
Decoration & Party,Banners,HAPPY ANNIVERSARY GLIITER BANNER CHINA V CUT,22,12% off,🚩,https://image.cdn.shpy.in/407769/Hdbb8303350234ff69a0a6eb545a45d97djpg_720x720q50-1750067790369.jpeg?width=600&format=webp,Eye-catching banners for birthdays and welcome setups. Free delivery across Surat — order in bulk on WhatsApp.,XL-0153
Decoration & Party,Banners,HAPPY BIRTHDAY GLIITER BANNER CURSIBE,17,15% off,🚩,https://image.cdn.shpy.in/407769/Main2_b6ae7a08-f6fe-46ec-97bd-2c1cd3a39075-1750067462279.jpeg?width=600&format=webp,Eye-catching banners for birthdays and welcome setups. Free delivery across Surat — order in bulk on WhatsApp.,XL-0154
Decoration & Party,Banners,HAPPY BIRTHDAY FOIL BANNERS,15,17% off,🚩,https://image.cdn.shpy.in/407769/9c5400c0-95a9-4a33-bb18-be8158367045-500x500-1742477335028.webp?width=600&format=webp,Eye-catching banners for birthdays and welcome setups. Free delivery across Surat — order in bulk on WhatsApp.,XL-0155
Decoration & Party,Party Goggles,BIRTHDAY GOGGLE,17,15% off,🕶️,https://image.cdn.shpy.in/407769/Gemini_Generated_Image_hsrlb2hsrlb2hsrl-1773728666553.png?width=600&format=webp,Novelty party goggles for fun photos. Free delivery across Surat — order in bulk on WhatsApp.,XL-0156
Decoration & Party,Decorations Net,PINK COLOR Polka Dot Decorative Net Rolls – 5 Meter Each (5 Rolls Per Pack),300,14% off,🕸️,https://image.cdn.shpy.in/407769/WhatsAppImage2025-06-02at120238-1748866905981.jpeg?width=600&format=webp,A decorative net base for building themed party walls. Supplied as 5 rolls. Free delivery across Surat — order in bulk on WhatsApp.,XL-0157
Decoration & Party,Decorations Net,DARK GREEN COLOR Polka Dot Decorative Net Rolls – 5 Meter Each (5 Rolls Per Pack),300,14% off,🕸️,https://image.cdn.shpy.in/407769/WhatsAppImage2025-06-02at120239-1748866885147.jpeg?width=600&format=webp,A decorative net base for building themed party walls. Supplied as 5 rolls. Free delivery across Surat — order in bulk on WhatsApp.,XL-0158
Decoration & Party,Decorations Net,CREAM COLOR Polka Dot Decorative Net Rolls – 5 Meter Each (5 Rolls Per Pack),300,14% off,🕸️,https://image.cdn.shpy.in/407769/WhatsAppImage2025-06-02at120240-1748866858021.jpeg?width=600&format=webp,A decorative net base for building themed party walls. Supplied as 5 rolls. Free delivery across Surat — order in bulk on WhatsApp.,XL-0159
Decoration & Party,Decorations Net,HOT PINK Polka Dot Decorative Net Rolls – 5 Meter Each (5 Rolls Per Pack),300,14% off,🕸️,https://image.cdn.shpy.in/407769/WhatsAppImage2025-06-02at120243-1748866818532.jpeg?width=600&format=webp,A decorative net base for building themed party walls. Supplied as 5 rolls. Free delivery across Surat — order in bulk on WhatsApp.,XL-0160
Decoration & Party,Decorations Net,PEACH COLOR Polka Dot Decorative Net Rolls – 5 Meter Each (5 Rolls Per Pack),300,14% off,🕸️,https://image.cdn.shpy.in/407769/WhatsAppImage2025-06-02at1202431-1748866751965.jpeg?width=600&format=webp,A decorative net base for building themed party walls. Supplied as 5 rolls. Free delivery across Surat — order in bulk on WhatsApp.,XL-0161
Decoration & Party,Decorations Net,RED Polka Dot Decorative Net Rolls – 5 Meter Each (5 Rolls Per Pack),300,14% off,🕸️,https://image.cdn.shpy.in/407769/WhatsAppImage2025-06-02at120244-1748866700885.jpeg?width=600&format=webp,A decorative net base for building themed party walls. Supplied as 5 rolls. Free delivery across Surat — order in bulk on WhatsApp.,XL-0162
Decoration & Party,Decorations Net,ROYAL BLUE Polka Dot Decorative Net Rolls – 5 Meter Each (5 Rolls Per Pack),300,14% off,🕸️,https://image.cdn.shpy.in/407769/WhatsAppImage2025-06-02at1202441-1748866669972.jpeg?width=600&format=webp,A decorative net base for building themed party walls. Supplied as 5 rolls. Free delivery across Surat — order in bulk on WhatsApp.,XL-0163
Decoration & Party,Decorations Net,PARROT GREEN Polka Dot Decorative Net Rolls – 5 Meter Each (5 Rolls Per Pack),300,14% off,🕸️,https://image.cdn.shpy.in/407769/WhatsAppImage2025-06-02at120245-1748866645308.jpeg?width=600&format=webp,A decorative net base for building themed party walls. Supplied as 5 rolls. Free delivery across Surat — order in bulk on WhatsApp.,XL-0164
Decoration & Party,Decorations Net,YELLOW Polka Dot Decorative Net Rolls – 5 Meter Each (5 Rolls Per Pack),300,14% off,🕸️,https://image.cdn.shpy.in/407769/WhatsAppImage2025-06-02at1202451-1748866617853.jpeg?width=600&format=webp,A decorative net base for building themed party walls. Supplied as 5 rolls. Free delivery across Surat — order in bulk on WhatsApp.,XL-0165
Decoration & Party,Decorations Net,SKY BLUE Polka Dot Decorative Net Rolls – 5 Meter Each (5 Rolls Per Pack),300,14% off,🕸️,https://image.cdn.shpy.in/407769/WhatsAppImage2025-06-02at120246-1748866585225.jpeg?width=600&format=webp,A decorative net base for building themed party walls. Supplied as 5 rolls. Free delivery across Surat — order in bulk on WhatsApp.,XL-0166
Decoration & Party,Decorations Net,WHITE Polka Dot Decorative Net Rolls – 5 Meter Each (5 Rolls Per Pack),300,14% off,🕸️,https://image.cdn.shpy.in/407769/WhatsAppImage2025-06-02at1202461-1748866519745.jpeg?width=600&format=webp,A decorative net base for building themed party walls. Supplied as 5 rolls. Free delivery across Surat — order in bulk on WhatsApp.,XL-0167
Decoration & Party,Decorations Net,"DARK PINK COLOR 4 Meter Decorative Net – Multi-Purpose Canopy & Event Decoration Net for Weddings, Temples, Bedrooms (Multiple Colors)",35,22% off,🕸️,https://image.cdn.shpy.in/407769/ChatGPTImageJun2202505_26_11PM-1748866448202.png?width=600&format=webp,A decorative net base for building themed party walls. Free delivery across Surat — order in bulk on WhatsApp.,XL-0168
Decoration & Party,Decorations Net,"YELLOW COLOR 4 Meter Decorative Net – Multi-Purpose Canopy & Event Decoration Net for Weddings, Temples, Bedrooms (Multiple Colors)",35,22% off,🕸️,https://image.cdn.shpy.in/407769/ChatGPTImageJun2202505_29_23PM-1748866389568.png?width=600&format=webp,A decorative net base for building themed party walls. Free delivery across Surat — order in bulk on WhatsApp.,XL-0169
Decoration & Party,Decorations Net,"SKY BLUE COLOR 4 Meter Decorative Net – Multi-Purpose Canopy & Event Decoration Net for Weddings, Temples, Bedrooms (Multiple Colors)",35,22% off,🕸️,https://image.cdn.shpy.in/407769/ChatGPTImageJun2202505_29_25PM-1748866332464.png?width=600&format=webp,A decorative net base for building themed party walls. Free delivery across Surat — order in bulk on WhatsApp.,XL-0170
Decoration & Party,Decorations Net,"ROYAL BLUE COLOR 4 Meter Decorative Net – Multi-Purpose Canopy & Event Decoration Net for Weddings, Temples, Bedrooms (Multiple Colors)",35,22% off,🕸️,https://image.cdn.shpy.in/407769/ChatGPTImageJun2202505_29_27PM-1748866276157.png?width=600&format=webp,A decorative net base for building themed party walls. Free delivery across Surat — order in bulk on WhatsApp.,XL-0171
Decoration & Party,Decorations Net,"PARROT GREEN COLOR 4 Meter Decorative Net – Multi-Purpose Canopy & Event Decoration Net for Weddings, Temples, Bedrooms (Multiple Colors)",35,22% off,🕸️,https://image.cdn.shpy.in/407769/ChatGPTImageJun2202505_29_28PM-1748866165076.png?width=600&format=webp,A decorative net base for building themed party walls. Free delivery across Surat — order in bulk on WhatsApp.,XL-0172
Decoration & Party,Decorations Net,"GOLDEN COLOR 4 Meter Decorative Net – Multi-Purpose Canopy & Event Decoration Net for Weddings, Temples, Bedrooms (Multiple Colors)",35,22% off,🕸️,https://image.cdn.shpy.in/407769/ChatGPTImageJun2202505_29_30PM-1748866084391.png?width=600&format=webp,A decorative net base for building themed party walls. Free delivery across Surat — order in bulk on WhatsApp.,XL-0173
Decoration & Party,Decorations Net,"ORANGE COLOR 4 Meter Decorative Net – Multi-Purpose Canopy & Event Decoration Net for Weddings, Temples, Bedrooms (Multiple Colors)",35,22% off,🕸️,https://image.cdn.shpy.in/407769/ChatGPTImageJun2202505_29_31PM-1748865989410.png?width=600&format=webp,A decorative net base for building themed party walls. Free delivery across Surat — order in bulk on WhatsApp.,XL-0174
Decoration & Party,Decorations Net,"BABY PINK COLOR 4 Meter Decorative Net – Multi-Purpose Canopy & Event Decoration Net for Weddings, Temples, Bedrooms (Multiple Colors)",35,22% off,🕸️,https://image.cdn.shpy.in/407769/ChatGPTImageJun2202505_29_33PM-1748865940876.png?width=600&format=webp,A decorative net base for building themed party walls. Free delivery across Surat — order in bulk on WhatsApp.,XL-0175
Decoration & Party,Decorations Net,"PURPLE COLOR 4 Meter Decorative Net – Multi-Purpose Canopy & Event Decoration Net for Weddings, Temples, Bedrooms (Multiple Colors)",35,22% off,🕸️,https://image.cdn.shpy.in/407769/ChatGPTImageJun2202505_29_35PM-1748865880095.png?width=600&format=webp,A decorative net base for building themed party walls. Free delivery across Surat — order in bulk on WhatsApp.,XL-0176
Decoration & Party,Paper Confetti,Premium Silver Metallic Confetti Paper – Party Decoration & Popper Refill (Shiny Foil Finish),110,12% off,🎊,https://image.cdn.shpy.in/407769/WhatsAppImage2026-02-21at122144PM1-1773729079954.jpeg?width=600&format=webp,Confetti to shower colour over any celebration. Free delivery across Surat — order in bulk on WhatsApp.,XL-0177
Decoration & Party,Paper Confetti,FIX 3 PATTI,100,20% off,🎊,https://image.cdn.shpy.in/407769/WhatsAppImage2025-06-14at110055-1749879649600.jpeg?width=600&format=webp,Confetti to shower colour over any celebration. Free delivery across Surat — order in bulk on WhatsApp.,XL-0178
Decoration & Party,Paper Confetti,Premium Golden Metallic Confetti Paper – 1 Kg,110,12% off,🎊,https://image.cdn.shpy.in/407769/WhatsAppImage2026-02-21at122144PM1-1773728997262.jpeg?width=600&format=webp,Confetti to shower colour over any celebration. Supplied as 1 kg. Free delivery across Surat — order in bulk on WhatsApp.,XL-0179
Decoration & Party,Danglers,DANGLER BUTTERFLY,40,20% off,🎐,https://image.cdn.shpy.in/407769/WhatsAppImage2025-06-14at120353-1749882882574.jpeg?width=600&format=webp,Hanging danglers to decorate ceilings and entrances. Free delivery across Surat — order in bulk on WhatsApp.,XL-0180
Decoration & Party,Danglers,DANGLER HEART,40,20% off,🎐,https://image.cdn.shpy.in/407769/WhatsAppImage2025-06-14at120257-1749882853042.jpeg?width=600&format=webp,Hanging danglers to decorate ceilings and entrances. Free delivery across Surat — order in bulk on WhatsApp.,XL-0181
Decoration & Party,Danglers,DANGLER STAR,40,20% off,🎐,https://image.cdn.shpy.in/407769/71otL-hsu5L_AC_UF8941000_QL80_-1749883034468.jpeg?width=600&format=webp,Hanging danglers to decorate ceilings and entrances. Free delivery across Surat — order in bulk on WhatsApp.,XL-0182
Decoration & Party,Cake Toppers,FAUX BALL,33,18% off,🧁,https://image.cdn.shpy.in/407769/H8c8bcb693993429d8dab544ab47383863jpg_720x720q50-1749883892908.jpeg?width=600&format=webp,Cake toppers that finish the dessert table beautifully. Free delivery across Surat — order in bulk on WhatsApp.,XL-0183
Decoration & Party,Cake Toppers,Premium Acrylic Cake Topper 5 Inch,10,17% off,🧁,https://image.cdn.shpy.in/407769/SKU-0893_0-1745845862318.jpg?width=600&format=webp,Cake toppers that finish the dessert table beautifully. Free delivery across Surat — order in bulk on WhatsApp.,XL-0184
Decoration & Party,Cake Toppers,PAPER CAKE TOPPER,12,52% off,🧁,https://image.cdn.shpy.in/407769/SKU-0892_0-1745840987671.png?width=600&format=webp,Cake toppers that finish the dessert table beautifully. Free delivery across Surat — order in bulk on WhatsApp.,XL-0185
Decoration & Party,Balloons Accessories,WOODEN STAND,600,25% off,🎈,https://image.cdn.shpy.in/407769/11-1749885070824.png?width=600&format=webp,"Handy accessories to arch, tie and fix your balloons. Free delivery across Surat — order in bulk on WhatsApp.",XL-0186
Decoration & Party,Balloons Accessories,BALLON STAND,35,13% off,🎈,https://image.cdn.shpy.in/407769/75ab6b53-3756-4def-b594-4bb50185965e_800x800_3d009473-3949-45d0-be50-829716ddff61-1742475680384.webp?width=600&format=webp,"Handy accessories to arch, tie and fix your balloons. Free delivery across Surat — order in bulk on WhatsApp.",XL-0187
Decoration & Party,Balloons Accessories,Balloon Arch Strip – Reusable Nylon Strip for Balloon Garland Decoration,4,25% off,🎈,https://image.cdn.shpy.in/407769/H285d11267df04dd8af1207ec3863d11fbpng_300x300-1748758646890.jpeg?width=600&format=webp,"Handy accessories to arch, tie and fix your balloons. Free delivery across Surat — order in bulk on WhatsApp.",XL-0188
Decoration & Party,Balloons Accessories,Balloon Glue Dots – Transparent Double-Sided Adhesive for Balloon Decoration,4,25% off,🎈,https://image.cdn.shpy.in/407769/H8a5dc1f23e364d15b4af2fae72a50bafTpng_300x300-1748758824566.jpeg?width=600&format=webp,"Handy accessories to arch, tie and fix your balloons. Free delivery across Surat — order in bulk on WhatsApp.",XL-0189
Decoration & Party,Balloon Pump,ELECTRIC BALLOON PUMP HT 508,625,11% off,🛟,https://image.cdn.shpy.in/407769/OIP-1742477240830.jpeg?width=600&format=webp,A quick inflator that saves time while decorating. Free delivery across Surat — order in bulk on WhatsApp.,XL-0190
Decoration & Party,Balloon Pump,ELECTRIC BALLOON PUMP 73003,425,15% off,🛟,https://image.cdn.shpy.in/407769/OIP-1742477177277.jpeg?width=600&format=webp,A quick inflator that saves time while decorating. Free delivery across Surat — order in bulk on WhatsApp.,XL-0191
Decoration & Party,Balloon Pump,FLOROCENT BALLOON PUMP,20,20% off,🛟,https://image.cdn.shpy.in/407769/61E2NZuCDSL_SL1500_-1742409148701.jpeg?width=600&format=webp,A quick inflator that saves time while decorating. Free delivery across Surat — order in bulk on WhatsApp.,XL-0192
Decoration & Party,Birthday Decorations Curtains,BLUE PASTEL COLOR Foil Rain Curtain SIZE 3*6,20,20% off,🎊,https://image.cdn.shpy.in/407769/12-1752484816956.jpeg?width=600&format=webp,Shimmer curtains for a glowing party background. Free delivery across Surat — order in bulk on WhatsApp.,XL-0193
Decoration & Party,Birthday Decorations Curtains,SKY BLUE PASTEL COLOR Foil Rain Curtain SIZE 3*6,20,20% off,🎊,https://image.cdn.shpy.in/407769/22-1752484795459.jpeg?width=600&format=webp,Shimmer curtains for a glowing party background. Free delivery across Surat — order in bulk on WhatsApp.,XL-0194
Decoration & Party,Birthday Decorations Curtains,PINK PASTEL COLOR Foil Rain Curtain SIZE 3*6,20,20% off,🎊,https://image.cdn.shpy.in/407769/32-1752484779764.jpeg?width=600&format=webp,Shimmer curtains for a glowing party background. Free delivery across Surat — order in bulk on WhatsApp.,XL-0195
Decoration & Party,Birthday Decorations Curtains,YELLOW PASTEL COLOR Foil Rain Curtain SIZE 3*6,20,20% off,🎊,https://image.cdn.shpy.in/407769/42-1752484766103.jpeg?width=600&format=webp,Shimmer curtains for a glowing party background. Free delivery across Surat — order in bulk on WhatsApp.,XL-0196
Decoration & Party,Birthday Decorations Curtains,PURPLE PASTEL COLOR Foil Rain Curtain SIZE 3*6,20,20% off,🎊,https://image.cdn.shpy.in/407769/52-1752484745383.jpeg?width=600&format=webp,Shimmer curtains for a glowing party background. Free delivery across Surat — order in bulk on WhatsApp.,XL-0197
Decoration & Party,Birthday Decorations Curtains,RED PASTEL COLOR Foil Rain Curtain SIZE 3*6,20,20% off,🎊,https://image.cdn.shpy.in/407769/72-1752484716693.jpeg?width=600&format=webp,Shimmer curtains for a glowing party background. Free delivery across Surat — order in bulk on WhatsApp.,XL-0198
Decoration & Party,Birthday Decorations Curtains,GREEN PASTEL COLOR Foil Rain Curtain SIZE 3*6,20,20% off,🎊,https://image.cdn.shpy.in/407769/62-1752484690913.jpeg?width=600&format=webp,Shimmer curtains for a glowing party background. Free delivery across Surat — order in bulk on WhatsApp.,XL-0199
Decoration & Party,Birthday Decorations Curtains,Foil Rain Curtain (Shiny Metallic) GREEN COLOR,15,25% off,🎊,https://image.cdn.shpy.in/407769/Untitleddesign5-1748710068945.png?width=600&format=webp,Shimmer curtains for a glowing party background. Free delivery across Surat — order in bulk on WhatsApp.,XL-0200
Decoration & Party,Birthday Decorations Curtains,Foil Rain Curtain (Shiny Metallic) DARK BLUE,15,25% off,🎊,https://image.cdn.shpy.in/407769/DARKBLUECURTAINS-1748709520382.jpeg?width=600&format=webp,Shimmer curtains for a glowing party background. Free delivery across Surat — order in bulk on WhatsApp.,XL-0201
Decoration & Party,Birthday Decorations Curtains,Foil Rain Curtain (Shiny Metallic)ROSEGOLD,15,25% off,🎊,https://image.cdn.shpy.in/407769/ROSEGOLDCURTAINS-1748709484905.jpeg?width=600&format=webp,Shimmer curtains for a glowing party background. Free delivery across Surat — order in bulk on WhatsApp.,XL-0202
Decoration & Party,Birthday Decorations Curtains,Foil Rain Curtain (Shiny Metallic)SKY BLUE,15,25% off,🎊,https://image.cdn.shpy.in/407769/SKYBLUECURTAIN-1748709446247.jpeg?width=600&format=webp,Shimmer curtains for a glowing party background. Free delivery across Surat — order in bulk on WhatsApp.,XL-0203
Decoration & Party,Birthday Decorations Curtains,Foil Rain Curtain (Shiny Metallic) SILVER,15,25% off,🎊,https://image.cdn.shpy.in/407769/SILVERCURTAINS-1748709384746.jpeg?width=600&format=webp,Shimmer curtains for a glowing party background. Free delivery across Surat — order in bulk on WhatsApp.,XL-0204
Decoration & Party,Birthday Decorations Curtains,Foil Rain Curtain (Shiny Metallic) GOLDEN,15,25% off,🎊,https://image.cdn.shpy.in/407769/H0a0f00f50704433abd5fe4fcc52059804-1748709351888.png?width=600&format=webp,Shimmer curtains for a glowing party background. Free delivery across Surat — order in bulk on WhatsApp.,XL-0205
Decoration & Party,Birthday Decorations Curtains,Foil Rain Curtain (Shiny Metallic) RED,15,25% off,🎊,https://image.cdn.shpy.in/407769/Hbd973d380dc846aea069074dc45b989aa-1748709254198-1748709309382.jpeg?width=600&format=webp,Shimmer curtains for a glowing party background. Free delivery across Surat — order in bulk on WhatsApp.,XL-0206
Decoration & Party,Birthday Decorations Curtains,Foil Rain Curtain (Shiny Metallic) BLUE,15,25% off,🎊,https://image.cdn.shpy.in/407769/H341303fc631b45909d3bf2777856b3e6g-1748708269733.webp?width=600&format=webp,Shimmer curtains for a glowing party background. Free delivery across Surat — order in bulk on WhatsApp.,XL-0207
Decoration & Party,Shop Artificial Flowers for Decoration,LEAVSE WHALE,8,20% off,🌸,https://image.cdn.shpy.in/407769/518sd85tDL-1742479178606.jpeg?width=600&format=webp,"Artificial flowers for elegant, reusable decor. Free delivery across Surat — order in bulk on WhatsApp.",XL-0208
Decoration & Party,Shop Artificial Flowers for Decoration,WISTERIA,120,14% off,🌸,https://image.cdn.shpy.in/407769/SKU-0881_0-1742476907894.jpg?width=600&format=webp,"Artificial flowers for elegant, reusable decor. Free delivery across Surat — order in bulk on WhatsApp.",XL-0209
Decoration & Party,Paper Fan,PAPER FAN BLACK COLOUR 6 PCS SET,60,14% off,🪭,https://image.cdn.shpy.in/407769/H317af8a3c70b476ab6058823205cfac3i-1752492277426.jpeg?width=600&format=webp,Paper fan decorations for walls and ceilings. Supplied as 6 pcs. Free delivery across Surat — order in bulk on WhatsApp.,XL-0210
Decoration & Party,Paper Fan,PAPER FAN MULTI COLOUR 6 PCS SET,70,7% off,🪭,https://image.cdn.shpy.in/407769/H80551b1425a84d2a80b2a945a6329046D-1752492254198.jpeg?width=600&format=webp,Paper fan decorations for walls and ceilings. Supplied as 6 pcs. Free delivery across Surat — order in bulk on WhatsApp.,XL-0211
Decoration & Party,Paper Fan,PAPER FAN PURPLE COLOUR 6 PCS SET,70,7% off,🪭,https://image.cdn.shpy.in/407769/H29ea730b8cbf4c9cac3b5e1fcd41387dk-1752492235450.jpeg?width=600&format=webp,Paper fan decorations for walls and ceilings. Supplied as 6 pcs. Free delivery across Surat — order in bulk on WhatsApp.,XL-0212
Decoration & Party,Paper Fan,PAPER FAN YELLOW COLOUR 6 PCS SET,70,7% off,🪭,https://image.cdn.shpy.in/407769/H14ffbe2f682b4c98bcfdff58c0e5f2eaU-1752492216260.jpeg?width=600&format=webp,Paper fan decorations for walls and ceilings. Supplied as 6 pcs. Free delivery across Surat — order in bulk on WhatsApp.,XL-0213
Decoration & Party,Paper Fan,PAPER FAN ORANGE COLOUR 6 PCS SET,70,7% off,🪭,https://image.cdn.shpy.in/407769/Hb6a89d9315b94403afae853bbb557afbL-1752492202657.jpeg?width=600&format=webp,Paper fan decorations for walls and ceilings. Supplied as 6 pcs. Free delivery across Surat — order in bulk on WhatsApp.,XL-0214
Decoration & Party,Paper Fan,PAPER FAN GREEN COLOUR 6 PCS SET,70,7% off,🪭,https://image.cdn.shpy.in/407769/imgi_57_H92a-1752492189797.jpeg?width=600&format=webp,Paper fan decorations for walls and ceilings. Supplied as 6 pcs. Free delivery across Surat — order in bulk on WhatsApp.,XL-0215
Decoration & Party,Paper Fan,PAPER FAN PINK COLOUR 6 PCS SET,70,7% off,🪭,https://image.cdn.shpy.in/407769/imgi_60_Hf90-1752492174223.jpeg?width=600&format=webp,Paper fan decorations for walls and ceilings. Supplied as 6 pcs. Free delivery across Surat — order in bulk on WhatsApp.,XL-0216
Decoration & Party,Paper Fan,PAPER FAN RED COLOUR 6 PCS SET,70,7% off,🪭,https://image.cdn.shpy.in/407769/imgi_338_Hef-1752492148365.jpeg?width=600&format=webp,Paper fan decorations for walls and ceilings. Supplied as 6 pcs. Free delivery across Surat — order in bulk on WhatsApp.,XL-0217
Decoration & Party,Paper Fan,PAPER FAN BLUE COLOUR 6 PCS SET,75,17% off,🪭,https://image.cdn.shpy.in/407769/download-1742481743698.jpeg?width=600&format=webp,Paper fan decorations for walls and ceilings. Supplied as 6 pcs. Free delivery across Surat — order in bulk on WhatsApp.,XL-0218
Decoration & Party,Paper Fan,PAPER FAN FOIL,110,15% off,🪭,https://image.cdn.shpy.in/407769/61v9XkLBPhL_AC_-1742481879055.jpeg?width=600&format=webp,Paper fan decorations for walls and ceilings. Free delivery across Surat — order in bulk on WhatsApp.,XL-0219
Decoration & Party,Balloon Metal Stand,Premium Italian Stand Decoration Frame – 7 Ft Golden Metal Backdrop Stand with Floral Setup,3600,20% off,🎈,https://image.cdn.shpy.in/407769/8b3f5df8-330a-43ae-bc48-5db7e714d1f2-1773729655283.jpeg?width=600&format=webp,A sturdy stand to display balloon arrangements. Free delivery across Surat — order in bulk on WhatsApp.,XL-0220
Decoration & Party,Balloon Metal Stand,SQUARE BALLOON STAND,1800,10% off,🎈,https://image.cdn.shpy.in/407769/1-1752478227401.png?width=600&format=webp,A sturdy stand to display balloon arrangements. Free delivery across Surat — order in bulk on WhatsApp.,XL-0221
Decoration & Party,Balloon Metal Stand,BALLOON RING 6FT,1300,19% off,🎈,https://image.cdn.shpy.in/407769/2-1752478147813.png?width=600&format=webp,A sturdy stand to display balloon arrangements. Free delivery across Surat — order in bulk on WhatsApp.,XL-0222
Decoration & Party,Birthday Decorations Kit,BIRTHDAY COMBO (1 STAR+ 1 CURTAIN+ 20 PCS BALLOON),45,10% off,🎉,https://image.cdn.shpy.in/407769/WhatsAppImage2025-07-14at114735-1752474583889.jpeg?width=600&format=webp,An all-in-one kit to decorate a birthday party in minutes. Supplied as 20 pcs. Free delivery across Surat — order in bulk on WhatsApp.,XL-0223
Decoration & Party,Birthday Decorations Kit,BIRTHDAY COMBO (1 STAR+ 1 CURTAIN+ 20 PCS BALLOON),45,10% off,🎉,https://image.cdn.shpy.in/407769/WhatsAppImage2025-07-14at1147351-1752474553383.jpeg?width=600&format=webp,An all-in-one kit to decorate a birthday party in minutes. Supplied as 20 pcs. Free delivery across Surat — order in bulk on WhatsApp.,XL-0224
Decoration & Party,Birthday Decorations Kit,BIRTHDAY COMBO (1 STAR+ 1 CURTAIN+ 20 PCS BALLOON),45,10% off,🎉,https://image.cdn.shpy.in/407769/WhatsAppImage2025-07-14at114734-1752474522818.jpeg?width=600&format=webp,An all-in-one kit to decorate a birthday party in minutes. Supplied as 20 pcs. Free delivery across Surat — order in bulk on WhatsApp.,XL-0225
Decoration & Party,Birthday Decorations Kit,BIRTHDAY COMBO (1 STAR+ 1 CURTAIN+ 20 PCS BALLOON),45,10% off,🎉,https://image.cdn.shpy.in/407769/WhatsAppImage2025-07-14at114732-1752474491720.jpeg?width=600&format=webp,An all-in-one kit to decorate a birthday party in minutes. Supplied as 20 pcs. Free delivery across Surat — order in bulk on WhatsApp.,XL-0226
Decoration & Party,Birthday Decorations Kit,BIRTHDAY COMBO (1 STAR+ 1 CURTAIN+ 20 PCS BALLOON),45,10% off,🎉,https://image.cdn.shpy.in/407769/WhatsAppImage2025-07-14at114730-1752474462904.jpeg?width=600&format=webp,An all-in-one kit to decorate a birthday party in minutes. Supplied as 20 pcs. Free delivery across Surat — order in bulk on WhatsApp.,XL-0227
Decoration & Party,Birthday Decorations Kit,BIRTHDAY COMBO (1 STAR+ 1 CURTAIN+ 20 PCS BALLOON),45,10% off,🎉,https://image.cdn.shpy.in/407769/WhatsAppImage2025-07-14at1147302-1752474442082.jpeg?width=600&format=webp,An all-in-one kit to decorate a birthday party in minutes. Supplied as 20 pcs. Free delivery across Surat — order in bulk on WhatsApp.,XL-0228
Decoration & Party,Birthday Decorations Kit,BIRTHDAY COMBO (1 STAR+ 1 CURTAIN+ 20 PCS BALLOON),45,10% off,🎉,https://image.cdn.shpy.in/407769/WhatsAppImage2025-07-14at1147301-1752474429656.jpeg?width=600&format=webp,An all-in-one kit to decorate a birthday party in minutes. Supplied as 20 pcs. Free delivery across Surat — order in bulk on WhatsApp.,XL-0229
Decoration & Party,Birthday Decorations Kit,BIRTHDAY COMBO (1 STAR+ 1 CURTAIN+ 20 PCS BALLOON),45,10% off,🎉,https://image.cdn.shpy.in/407769/WhatsAppImage2025-07-14at114728-1752474418389.jpeg?width=600&format=webp,An all-in-one kit to decorate a birthday party in minutes. Supplied as 20 pcs. Free delivery across Surat — order in bulk on WhatsApp.,XL-0230
Decoration & Party,Birthday Decorations Kit,BIRTHDAY COMBO (1 STAR+ 1 CURTAIN+ 20 PCS BALLOON),45,10% off,🎉,https://image.cdn.shpy.in/407769/WhatsAppImage2025-07-14at114727-1752474404215.jpeg?width=600&format=webp,An all-in-one kit to decorate a birthday party in minutes. Supplied as 20 pcs. Free delivery across Surat — order in bulk on WhatsApp.,XL-0231
Decoration & Party,Birthday Decorations Kit,BIRTHDAY COMBO (1 STAR+ 1 CURTAIN+ 20 PCS BALLOON),45,10% off,🎉,https://image.cdn.shpy.in/407769/WhatsAppImage2025-07-14at114726-1752474392571.jpeg?width=600&format=webp,An all-in-one kit to decorate a birthday party in minutes. Supplied as 20 pcs. Free delivery across Surat — order in bulk on WhatsApp.,XL-0232
Decoration & Party,Birthday Decorations Kit,BIRTHDAY COMBO (1 STAR+ 1 CURTAIN+ 20 PCS BALLOON),45,10% off,🎉,https://image.cdn.shpy.in/407769/WhatsAppImage2025-07-14at114552-1752474365401.jpeg?width=600&format=webp,An all-in-one kit to decorate a birthday party in minutes. Supplied as 20 pcs. Free delivery across Surat — order in bulk on WhatsApp.,XL-0233
Decoration & Party,Birthday Decorations Kit,BIRTHDAY COMBO (1 STAR+ 1 CURTAIN+ 20 PCS BALLOON),45,10% off,🎉,https://image.cdn.shpy.in/407769/WhatsAppImage2025-07-14at1145521-1752474351791.jpeg?width=600&format=webp,An all-in-one kit to decorate a birthday party in minutes. Supplied as 20 pcs. Free delivery across Surat — order in bulk on WhatsApp.,XL-0234
Decoration & Party,Birthday Decorations Kit,BIRTHDAY COMBO (1 STAR+ 1 CURTAIN+ 20 PCS BALLOON),45,10% off,🎉,https://image.cdn.shpy.in/407769/WhatsAppImage2025-07-14at114551-1752474338556.jpeg?width=600&format=webp,An all-in-one kit to decorate a birthday party in minutes. Supplied as 20 pcs. Free delivery across Surat — order in bulk on WhatsApp.,XL-0235
Decoration & Party,Birthday Decorations Kit,BIRTHDAY COMBO (1 STAR+ 1 CURTAIN+ 20 PCS BALLOON),45,10% off,🎉,https://image.cdn.shpy.in/407769/WhatsAppImage2025-07-14at114550-1752474323681.jpeg?width=600&format=webp,An all-in-one kit to decorate a birthday party in minutes. Supplied as 20 pcs. Free delivery across Surat — order in bulk on WhatsApp.,XL-0236
Decoration & Party,Birthday Decorations Kit,BIRTHDAY COMBO (1 STAR+ 1 CURTAIN+ 20 PCS BALLOON),45,10% off,🎉,https://image.cdn.shpy.in/407769/WhatsAppImage2025-07-14at114549-1752474311504.jpeg?width=600&format=webp,An all-in-one kit to decorate a birthday party in minutes. Supplied as 20 pcs. Free delivery across Surat — order in bulk on WhatsApp.,XL-0237
Decoration & Party,Birthday Decorations Kit,BIRTHDAY COMBO (1 STAR+ 1 CURTAIN+ 20 PCS BALLOON),45,10% off,🎉,https://image.cdn.shpy.in/407769/WhatsAppImage2025-07-14at114548-1752474296469.jpeg?width=600&format=webp,An all-in-one kit to decorate a birthday party in minutes. Supplied as 20 pcs. Free delivery across Surat — order in bulk on WhatsApp.,XL-0238
Decoration & Party,Birthday Decorations Kit,BIRTHDAY COMBO (1 STAR+ 1 CURTAIN+ 20 PCS BALLOON),45,10% off,🎉,https://image.cdn.shpy.in/407769/WhatsAppImage2025-07-14at114547-1752474284758.jpeg?width=600&format=webp,An all-in-one kit to decorate a birthday party in minutes. Supplied as 20 pcs. Free delivery across Surat — order in bulk on WhatsApp.,XL-0239
Decoration & Party,Birthday Decorations Kit,BIRTHDAY COMBO (1 STAR+ 1 CURTAIN+ 20 PCS BALLOON),45,10% off,🎉,https://image.cdn.shpy.in/407769/WhatsAppImage2025-07-14at114546-1752474267240.jpeg?width=600&format=webp,An all-in-one kit to decorate a birthday party in minutes. Supplied as 20 pcs. Free delivery across Surat — order in bulk on WhatsApp.,XL-0240
Decoration & Party,Birthday Decorations Kit,BIRTHDAY COMBO (1 STAR+ 1 CURTAIN+ 20 PCS BALLOON),45,10% off,🎉,https://image.cdn.shpy.in/407769/WhatsAppImage2025-07-14at114545-1752474255248.jpeg?width=600&format=webp,An all-in-one kit to decorate a birthday party in minutes. Supplied as 20 pcs. Free delivery across Surat — order in bulk on WhatsApp.,XL-0241
Decoration & Party,Birthday Decorations Kit,BIRTHDAY COMBO (1 STAR+ 1 CURTAIN+ 20 PCS BALLOON),45,10% off,🎉,https://image.cdn.shpy.in/407769/WhatsAppImage2025-07-14at114544-1752474224577.jpeg?width=600&format=webp,An all-in-one kit to decorate a birthday party in minutes. Supplied as 20 pcs. Free delivery across Surat — order in bulk on WhatsApp.,XL-0242
Decoration & Party,Party Sash,BIRTHDAY QUEEN SASH,8,20% off,🎗️,https://image.cdn.shpy.in/407769/SKU-0979_0-1745840307213.png?width=600&format=webp,A celebration sash for the birthday or guest of honour. Free delivery across Surat — order in bulk on WhatsApp.,XL-0243
Decoration & Party,Party Sash,Birthday Princess Sash,10,17% off,🎗️,https://image.cdn.shpy.in/407769/SKU-0978_0-1745840256714.png?width=600&format=webp,A celebration sash for the birthday or guest of honour. Free delivery across Surat — order in bulk on WhatsApp.,XL-0244
Decoration & Party,Party Sash,DAD TO BE SASH,8,20% off,🎗️,https://image.cdn.shpy.in/407769/SKU-0879_0-1745840136282.png?width=600&format=webp,A celebration sash for the birthday or guest of honour. Free delivery across Surat — order in bulk on WhatsApp.,XL-0245
Decoration & Party,Party Sash,MOM TO BE SASH,8,20% off,🎗️,https://image.cdn.shpy.in/407769/SKU-0878_0-1745840105819.png?width=600&format=webp,A celebration sash for the birthday or guest of honour. Free delivery across Surat — order in bulk on WhatsApp.,XL-0246
Decoration & Party,Party Sash,BRIDE TO BE SASH,8,20% off,🎗️,https://image.cdn.shpy.in/407769/SKU-0877_0-1745840176663.png?width=600&format=webp,A celebration sash for the birthday or guest of honour. Free delivery across Surat — order in bulk on WhatsApp.,XL-0247
Decoration & Party,Party Sash,HAPPY BIRTHDAY SASH,8,20% off,🎗️,https://image.cdn.shpy.in/407769/SKU-0876_0-1745840056156.png?width=600&format=webp,A celebration sash for the birthday or guest of honour. Free delivery across Surat — order in bulk on WhatsApp.,XL-0248
Decoration & Party,Party Sash,BIRTHDAY BOY SASH,8,20% off,🎗️,https://image.cdn.shpy.in/407769/SKU-0875_0-1745840078069.png?width=600&format=webp,A celebration sash for the birthday or guest of honour. Free delivery across Surat — order in bulk on WhatsApp.,XL-0249
Decoration & Party,Party Sash,BIRTHDAY GIRL SASH,8,20% off,🎗️,https://image.cdn.shpy.in/407769/SKU-0874_0-1745840027975.png?width=600&format=webp,A celebration sash for the birthday or guest of honour. Free delivery across Surat — order in bulk on WhatsApp.,XL-0250
Decoration & Party,Snow Spray,BALLOON SHINER SPRAY,100,17% off,❄️,https://image.cdn.shpy.in/407769/whatsapp-image-2023-05-26-at-10-18-46-1--1748712885679.jpeg?width=600&format=webp,Festive snow spray for party and event effects. Free delivery across Surat — order in bulk on WhatsApp.,XL-0251
Decoration & Party,Snow Spray,RIBBON SPRAY,25,17% off,❄️,https://image.cdn.shpy.in/407769/150668341-109517805-1599758541-1742394652814.jpeg?width=600&format=webp,Festive snow spray for party and event effects. Free delivery across Surat — order in bulk on WhatsApp.,XL-0252
Decoration & Party,Snow Spray,SNOW SPRAY,25,34% off,❄️,https://image.cdn.shpy.in/407769/61Xg2BvYuyL_SL1400_-1742394372424.jpeg?width=600&format=webp,Festive snow spray for party and event effects. Free delivery across Surat — order in bulk on WhatsApp.,XL-0253
Decoration & Party,Balloon Bag,BALLOON BAG 50 MICRON(PARTY BALLOON),2,10% off,👜,https://image.cdn.shpy.in/407769/ChatGPTImageJul14202510_43_41AM-1752470524429.png?width=600&format=webp,A transport bag to carry inflated balloons safely. Free delivery across Surat — order in bulk on WhatsApp.,XL-0254
Decoration & Party,Balloon Bag,BALLOON BAG 36 MICRON(PARTY BALLOON),1,17% off,👜,https://image.cdn.shpy.in/407769/ChatGPTImageJul14202510_43_41AM-1752470524429.png?width=600&format=webp,A transport bag to carry inflated balloons safely. Free delivery across Surat — order in bulk on WhatsApp.,XL-0255
Decoration & Party,Birthday Candles,ZARI NUMBER CANDLE,4,10% off,🕯️,https://image.cdn.shpy.in/407769/2f330c1b-ddfe-407d-ba94-103937658e0d-500x500-1742481390103.webp?width=600&format=webp,Birthday candles to top the cake in style. Free delivery across Surat — order in bulk on WhatsApp.,XL-0256
Decoration & Party,Birthday Candles,Premium Golden Number Candle – Metallic Birthday Cake Candle (0–9 Number Design),7,22% off,🕯️,https://image.cdn.shpy.in/407769/4f48ff723cb81fa2d2f10608f2480b35-1742481257175.webp?width=600&format=webp,Birthday candles to top the cake in style. Free delivery across Surat — order in bulk on WhatsApp.,XL-0257
Decoration & Party,Birthday Candles,SWIRLY CANDLE,12,20% off,🕯️,https://image.cdn.shpy.in/407769/f6a1d31f11b59baa7fa7ad0360ef1c17-1742481172384.jpeg?width=600&format=webp,Birthday candles to top the cake in style. Free delivery across Surat — order in bulk on WhatsApp.,XL-0258
Decoration & Party,Birthday Candles,MAGIC CANDLE,4,20% off,🕯️,https://image.cdn.shpy.in/407769/product-jpeg-500x5001-1742480901810.webp?width=600&format=webp,Birthday candles to top the cake in style. Free delivery across Surat — order in bulk on WhatsApp.,XL-0259
Decoration & Party,Birthday Candles,15CM FIRE CANDLE,41,11% off,🕯️,https://image.cdn.shpy.in/407769/lightweight-and-beautiful-glittery-design-pillar-fire-sparkle-birthday-cake-candle-590-1742480922103.webp?width=600&format=webp,Birthday candles to top the cake in style. Free delivery across Surat — order in bulk on WhatsApp.,XL-0260
Decoration & Party,Birthday Candles,TWISTED CANDLE,200,17% off,🕯️,https://image.cdn.shpy.in/407769/OIP23-1742408909132-1748706942256.jpeg?width=600&format=webp,Birthday candles to top the cake in style. Free delivery across Surat — order in bulk on WhatsApp.,XL-0261
Decoration & Party,Party Poppers,30CM PARTY POPPERS,25,38% off,🎉,https://image.cdn.shpy.in/407769/WhatsAppImage2024-09-30at141902-1742393844494.jpeg?width=600&format=webp,Party poppers for a festive confetti moment. Free delivery across Surat — order in bulk on WhatsApp.,XL-0262
Decoration & Party,Party Poppers,40CM PARTY POPPERS,26,38% off,🎉,https://image.cdn.shpy.in/407769/WhatsAppImage2024-09-30at141902-1742393592007.jpeg?width=600&format=webp,Party poppers for a festive confetti moment. Free delivery across Surat — order in bulk on WhatsApp.,XL-0263
Decoration & Party,Party Props,CROWN PROPS,30,25% off,🎭,https://image.cdn.shpy.in/407769/WhatsAppImage2025-06-14at122926-1749884461138.jpeg?width=600&format=webp,Fun photo-booth props to liven up any celebration. Free delivery across Surat — order in bulk on WhatsApp.,XL-0264
Decoration & Party,Party Props,BIG PROPS,130,7% off,🎭,https://image.cdn.shpy.in/407769/WhatsAppImage2025-06-14at123254-1749884837288.jpeg?width=600&format=webp,Fun photo-booth props to liven up any celebration. Free delivery across Surat — order in bulk on WhatsApp.,XL-0265
Decoration & Party,Party Props,BRIDE TO BE PROPS,30,25% off,🎭,https://image.cdn.shpy.in/407769/SKU-0953_0-1742476403263.jpg?width=600&format=webp,Fun photo-booth props to liven up any celebration. Free delivery across Surat — order in bulk on WhatsApp.,XL-0266
Decoration & Party,Party Props,MEHENDI PROPS,30,25% off,🎭,https://image.cdn.shpy.in/407769/WhatsAppImage2025-06-14at1120401-1749882608996.jpeg?width=600&format=webp,Fun photo-booth props to liven up any celebration. Free delivery across Surat — order in bulk on WhatsApp.,XL-0267
Decoration & Party,Party Props,HALDI PROPS,30,25% off,🎭,https://image.cdn.shpy.in/407769/WhatsAppImage2025-06-14at112041-1749882581981.jpeg?width=600&format=webp,Fun photo-booth props to liven up any celebration. Free delivery across Surat — order in bulk on WhatsApp.,XL-0268
Decoration & Party,Party Props,GUJARATI PROPS 2,30,25% off,🎭,https://image.cdn.shpy.in/407769/WhatsAppImage2025-06-14at1229261-1749884640985.jpeg?width=600&format=webp,Fun photo-booth props to liven up any celebration. Free delivery across Surat — order in bulk on WhatsApp.,XL-0269
Decoration & Party,Party Props,GUJARATI PROPS,30,25% off,🎭,https://image.cdn.shpy.in/407769/WhatsAppImage2025-06-14at1229262-1749884613710.jpeg?width=600&format=webp,Fun photo-booth props to liven up any celebration. Free delivery across Surat — order in bulk on WhatsApp.,XL-0270
Decoration & Party,Party Props,MARATHI PROPS,30,25% off,🎭,https://image.cdn.shpy.in/407769/WhatsAppImage2025-06-14at122927-1749884677353.jpeg?width=600&format=webp,Fun photo-booth props to liven up any celebration. Free delivery across Surat — order in bulk on WhatsApp.,XL-0271
Decoration & Party,Party Props,PROPS 2 (ENGLISH BIG),30,25% off,🎭,https://image.cdn.shpy.in/407769/WhatsAppImage2025-06-14at1229271-1749884804188.jpeg?width=600&format=webp,Fun photo-booth props to liven up any celebration. Free delivery across Surat — order in bulk on WhatsApp.,XL-0272
Decoration & Party,Party Props,PROPS1 ( ENGLISH 20),30,25% off,🎭,https://image.cdn.shpy.in/407769/WhatsAppImage2025-06-14at122928-1749884776681.jpeg?width=600&format=webp,Fun photo-booth props to liven up any celebration. Free delivery across Surat — order in bulk on WhatsApp.,XL-0273
Decoration & Party,Balloon set,14 PCS SET GREEN,48,20% off,🎈,https://image.cdn.shpy.in/407769/H9435f62725594070868739b30b789c36wjpg_720x720q50-1749883503550.jpeg?width=600&format=webp,"A ready balloon combo set for quick, coordinated decoration. Supplied as 14 pcs. Free delivery across Surat — order in bulk on WhatsApp.",XL-0274
Decoration & Party,Balloon set,14 PCS SET RED,48,20% off,🎈,https://image.cdn.shpy.in/407769/H24d223a2e4994002bcc5682b128d10d3zjpg_720x720q50-1749883484068.jpeg?width=600&format=webp,"A ready balloon combo set for quick, coordinated decoration. Supplied as 14 pcs. Free delivery across Surat — order in bulk on WhatsApp.",XL-0275
Decoration & Party,Balloon set,14 PCS SET BLACK,48,20% off,🎈,https://image.cdn.shpy.in/407769/H369e86c9912e42af822db2ea654b2aeaSjpg_720x720q50-1749883468983.jpeg?width=600&format=webp,"A ready balloon combo set for quick, coordinated decoration. Supplied as 14 pcs. Free delivery across Surat — order in bulk on WhatsApp.",XL-0276
Decoration & Party,Balloon set,14 PCS SET GOLDEN,48,20% off,🎈,https://image.cdn.shpy.in/407769/H21c86004525449a9a47e326a5ba55ae2Cjpg_720x720q50-1749883446694.jpeg?width=600&format=webp,"A ready balloon combo set for quick, coordinated decoration. Supplied as 14 pcs. Free delivery across Surat — order in bulk on WhatsApp.",XL-0277
Decoration & Party,Balloon set,9 PCS SET RED,30,25% off,🎈,https://image.cdn.shpy.in/407769/Ha6a7368d648641fa96554d35dc83bf63Pjpg_720x720q50-1749883288791.jpeg?width=600&format=webp,"A ready balloon combo set for quick, coordinated decoration. Supplied as 9 pcs. Free delivery across Surat — order in bulk on WhatsApp.",XL-0278
Decoration & Party,Balloon set,9 PCS SET ROSE GOLD,30,25% off,🎈,https://image.cdn.shpy.in/407769/H99568bf0de894acf9673c4681f78e580bjpg_720x720q50-1749883270602.jpeg?width=600&format=webp,"A ready balloon combo set for quick, coordinated decoration. Supplied as 9 pcs. Free delivery across Surat — order in bulk on WhatsApp.",XL-0279
Decoration & Party,Balloon set,9 PCS SET BLACK,30,25% off,🎈,https://image.cdn.shpy.in/407769/H26715e72cc2e4887977208dae49289acHjpg_720x720q50-1749883245391.jpeg?width=600&format=webp,"A ready balloon combo set for quick, coordinated decoration. Supplied as 9 pcs. Free delivery across Surat — order in bulk on WhatsApp.",XL-0280
Decoration & Party,Balloon set,9 PCS SET GOLDEN,30,25% off,🎈,https://image.cdn.shpy.in/407769/H682ff709c1af4f5e8c0ebbce30173208Ojpg_720x720q50-1749883219892.jpeg?width=600&format=webp,"A ready balloon combo set for quick, coordinated decoration. Supplied as 9 pcs. Free delivery across Surat — order in bulk on WhatsApp.",XL-0281
Decoration & Party,Balloon set,9 PCS SET BLUE,30,25% off,🎈,https://image.cdn.shpy.in/407769/H553fa26ed30a4ffca50f643e23b527093jpg_720x720q50-1749883202569.jpeg?width=600&format=webp,"A ready balloon combo set for quick, coordinated decoration. Supplied as 9 pcs. Free delivery across Surat — order in bulk on WhatsApp.",XL-0282
Decoration & Party,Balloon set,9 PCS SET PINK,30,25% off,🎈,https://image.cdn.shpy.in/407769/H14804311a0c7427e86893333fa049e83mjpg_720x720q501-1749883184986.jpeg?width=600&format=webp,"A ready balloon combo set for quick, coordinated decoration. Supplied as 9 pcs. Free delivery across Surat — order in bulk on WhatsApp.",XL-0283
Decoration & Party,Balloon set,14 PCS SET MULTI,48,20% off,🎈,https://image.cdn.shpy.in/407769/H5512d37e4cfe4ccb9786f88e54278248Fjpg_720x720q50-1749883416915.jpeg?width=600&format=webp,"A ready balloon combo set for quick, coordinated decoration. Supplied as 14 pcs. Free delivery across Surat — order in bulk on WhatsApp.",XL-0284
